# iaeweb bakfile
# version:iaeweb x1 
# time:2016-06-20 17:02:44
# http://www.iaeweb.com
# ----------------------------------------


DROP TABLE IF EXISTS `io_admin`;
CREATE TABLE `io_admin` (
  `userid` smallint(5) unsigned NOT NULL AUTO_INCREMENT,
  `username` varchar(20) DEFAULT NULL,
  `password` varchar(32) DEFAULT NULL,
  `roleid` smallint(5) DEFAULT '0',
  `realname` varchar(50) NOT NULL DEFAULT '',
  `auth` text NOT NULL,
  `list_size` smallint(5) NOT NULL,
  `left_width` smallint(5) NOT NULL DEFAULT '180',
  PRIMARY KEY (`userid`),
  KEY `username` (`username`)
) ENGINE=MyISAM AUTO_INCREMENT=3 DEFAULT CHARSET=utf8;

INSERT INTO `io_admin` VALUES('1','admin','c3284d0f94606de1fd2af172aba15bf3','1','超级管理员','','20','250');
INSERT INTO `io_admin` VALUES('2','hbsion','ca749250df171535eb886d6c3ecb7847','0','测试','a:16:{s:13:\"content-index\";s:1:\"1\";s:11:\"content-add\";s:1:\"1\";s:12:\"content-edit\";s:1:\"1\";s:7:\"catid-1\";s:1:\"1\";s:7:\"catid-2\";s:1:\"1\";s:7:\"catid-3\";s:1:\"1\";s:7:\"catid-5\";s:1:\"1\";s:7:\"catid-6\";s:1:\"1\";s:7:\"catid-7\";s:1:\"1\";s:7:\"catid-8\";s:1:\"1\";s:7:\"catid-9\";s:1:\"1\";s:8:\"catid-10\";s:1:\"1\";s:8:\"catid-11\";s:1:\"1\";s:8:\"catid-12\";s:1:\"1\";s:8:\"catid-13\";s:1:\"1\";s:8:\"catid-25\";s:1:\"1\";}','0','180');

DROP TABLE IF EXISTS `io_autolink`;
CREATE TABLE `io_autolink` (
  `id` mediumint(8) NOT NULL AUTO_INCREMENT,
  `catid` smallint(5) NOT NULL,
  `url` varchar(255) NOT NULL,
  `keyword` varchar(255) NOT NULL,
  `rank` varchar(255) NOT NULL,
  PRIMARY KEY (`id`)
) ENGINE=MyISAM DEFAULT CHARSET=utf8;


DROP TABLE IF EXISTS `io_block`;
CREATE TABLE `io_block` (
  `id` smallint(8) unsigned NOT NULL AUTO_INCREMENT,
  `type` tinyint(1) NOT NULL,
  `name` varchar(50) NOT NULL,
  `content` mediumtext NOT NULL,
  PRIMARY KEY (`id`)
) ENGINE=MyISAM DEFAULT CHARSET=utf8;


DROP TABLE IF EXISTS `io_category`;
CREATE TABLE `io_category` (
  `catid` smallint(5) unsigned NOT NULL AUTO_INCREMENT,
  `typeid` tinyint(1) NOT NULL,
  `modelid` smallint(5) unsigned NOT NULL DEFAULT '0',
  `parentid` smallint(5) unsigned NOT NULL DEFAULT '0',
  `child` tinyint(1) unsigned NOT NULL DEFAULT '0',
  `childids` varchar(255) NOT NULL,
  `catname` varchar(30) NOT NULL,
  `image` varchar(100) NOT NULL,
  `content` mediumtext NOT NULL,
  `seo_title` varchar(255) NOT NULL,
  `seo_keywords` varchar(255) NOT NULL,
  `seo_description` varchar(255) NOT NULL,
  `catdir` varchar(30) NOT NULL,
  `http` varchar(255) NOT NULL,
  `items` mediumint(8) unsigned NOT NULL DEFAULT '0',
  `listorder` smallint(5) unsigned NOT NULL DEFAULT '0',
  `ismenu` tinyint(1) unsigned NOT NULL DEFAULT '1',
  `ispost` smallint(2) NOT NULL,
  `verify` smallint(2) NOT NULL DEFAULT '0',
  `islook` smallint(2) NOT NULL,
  `listtpl` varchar(50) NOT NULL,
  `showtpl` varchar(50) NOT NULL,
  `pagetpl` varchar(50) NOT NULL,
  `pagesize` smallint(5) NOT NULL,
  PRIMARY KEY (`catid`),
  KEY `listorder` (`listorder`,`catid`)
) ENGINE=MyISAM AUTO_INCREMENT=36 DEFAULT CHARSET=utf8;

INSERT INTO `io_category` VALUES('1','1','1','0','1','2,12,34,','扶贫专栏','','','','','','fupinzhuanlan','','6','0','1','0','0','0','list_news.html','show_news.html','','10');
INSERT INTO `io_category` VALUES('2','1','1','1','0','','扶贫动态','','','','','','yufangdongtai','','6','0','1','0','0','0','list_news.html','show_news.html','','10');
INSERT INTO `io_category` VALUES('3','1','1','0','1','32,33,','预防宣教','','','','','','yufangxuanjiao','','8','0','1','0','0','0','list_news.html','show_news.html','','10');
INSERT INTO `io_category` VALUES('4','1','13','0','1','5,6,8,9,','问诊中心','','','','','','ask','','63','0','1','2','0','1','list_ask.html','show_ask.html','','10');
INSERT INTO `io_category` VALUES('5','1','13','4','0','','快速问诊','','','','','','kuaisuwenzhen','','6','0','1','2','1','1','list_ask.html','show_ask.html','','10');
INSERT INTO `io_category` VALUES('6','1','13','4','0','','问村医','','','','','','wencunyi','','25','0','1','2','1','1','list_ask.html','show_ask.html','','10');
INSERT INTO `io_category` VALUES('7','1','1','0','1','10,11,13,','培训信息','','','','','','learning','','5','0','1','0','0','0','list_news.html','show_news.html','','10');
INSERT INTO `io_category` VALUES('8','1','13','4','0','','问专家','','','','','','wenzhuanjia','','11','0','1','7','1','0','list_ask.html','show_ask.html','','10');
INSERT INTO `io_category` VALUES('9','1','13','4','0','','寻医问药','','','','','','xywy','','21','0','1','5','1','0','list_ask.html','show_ask.html','','10');
INSERT INTO `io_category` VALUES('10','1','1','7','0','','医学考试','','','','','','yxks','','5','0','1','0','0','0','list_news.html','show_news.html','','10');
INSERT INTO `io_category` VALUES('11','1','1','7','0','','技能培训','','','','','','jnpx','','0','0','1','0','0','0','list_news.html','show_news.html','','10');
INSERT INTO `io_category` VALUES('12','1','1','1','0','','扶贫政策','','','','','','jkjy','','0','0','1','0','0','0','list_news.html','show_news.html','','10');
INSERT INTO `io_category` VALUES('13','1','1','7','0','','学习病例','','','','','','blxx','','0','0','1','0','0','0','list_news.html','show_news.html','','10');
INSERT INTO `io_category` VALUES('14','2','0','0','0','','帮扶规则','','&lt;span style=&quot;color:#222222;font-family:Menlo, monospace;line-height:normal;background-color:#FFFFFF;&quot;&gt;帮扶规则&lt;/span&gt;','','','','other','','0','0','1','0','0','0','','','page.html','10');
INSERT INTO `io_category` VALUES('15','2','0','0','1','16,18,17,19,20,21,','医生首页','','','','','医生随时了解病人档案，方便快捷。','doctor','','0','0','1','0','0','7','','','doctor.html','10');
INSERT INTO `io_category` VALUES('16','3','0','15','0','','辖区居民','/data/upload/image/201605/e445cef793baf09c.png','辖区居民&lt;br /&gt;\r\n慢危病控&lt;br /&gt;','','','医生随时了解病人档案，方便快捷。','xiaqujumin','/?catid=25','0','6','1','0','0','0','','','user_list.html','10');
INSERT INTO `io_category` VALUES('17','2','0','15','0','','慢危病控','/data/upload/image/201605/2820965efc776eed.png','辖区居民&lt;br /&gt;\r\n慢危病控&lt;br /&gt;','','','慢危病人的信息，医生随时掌握。','manweibingkong','','0','4','0','0','0','0','','','mawei_list.html','10');
INSERT INTO `io_category` VALUES('18','2','0','15','0','','有问必答','/data/upload/image/201605/c289c6e046f8c1ad.png','','','','专家在线为您解决疑难问题，解烦忧。','youwenbida','/index.php?catid=8','0','5','1','2','0','0','','','askdoc.html','10');
INSERT INTO `io_category` VALUES('19','3','0','15','0','','预防宣教','/data/upload/image/201605/37494c696e9b7069.png','','','','掌握前沿的知识，法规，提升医生知识面。','yfxj','/index.php?catid=3','0','3','0','0','0','0','','','','10');
INSERT INTO `io_category` VALUES('20','3','0','15','0','','智能分诊','/data/upload/image/201605/bdb3234a91d034fb.png','','','','对部位病情进行精准的分析与讲解。','zhinengfenzhen','http://sjzdsyy.bjwkyy.net/mod/weixin/igman/index.html','0','2','1','0','0','0','','','','10');
INSERT INTO `io_category` VALUES('21','2','0','15','0','','对口支援','/data/upload/image/201605/20adbfd349c2e9c7.png','','','','随时随地了解帮扶信息，病案交流。','duikouzhiyuan','http://yiyi.com/','0','1','1','0','0','0','','','msg.html','10');
INSERT INTO `io_category` VALUES('32','1','1','3','0','','自救急救','','','','','','zijiujijiu','','5','0','1','0','0','0','list_news.html','show_news.html','','10');
INSERT INTO `io_category` VALUES('22','2','0','0','1','23,24,','居民首页','','居民首页','','','','userhome','','0','0','1','0','0','5','','','user_home.html','10');
INSERT INTO `io_category` VALUES('23','2','0','22','0','','寻医问药','/data/upload/image/201605/e8852d7a61e06501.png','寻医问药','','','随时随地找医生咨询问题','askdoc','','0','0','1','0','0','0','','','askdoc.html','10');
INSERT INTO `io_category` VALUES('24','3','0','22','0','','健康档案','/data/upload/image/201605/96291f01a1f599fe.png','','','','自己随时可查看自己身体的各项数据','myfile','/member','0','0','1','0','0','0','','','myfile.html','10');
INSERT INTO `io_category` VALUES('25','1','19','0','0','','辖区居民','','','','','','xqjm','','5','0','1','7','1','7','list_users.html','show_users.html','','100');
INSERT INTO `io_category` VALUES('26','2','0','0','0','','消息中心','','订餐吧','','','','message','','0','0','1','0','0','0','','','message.html','10');
INSERT INTO `io_category` VALUES('33','1','1','3','0','','健康教育','','','','','','jiankangjiaoyu','','3','0','1','0','0','0','list_news.html','show_news.html','','10');
INSERT INTO `io_category` VALUES('34','3','0','1','0','','医生说','','','','','','wobuxiangshuo','/?c=api&amp;a=quan','0','0','1','0','0','0','list_news.html','show_news.html','api/quan.html','10');

DROP TABLE IF EXISTS `io_content`;
CREATE TABLE `io_content` (
  `id` mediumint(8) unsigned NOT NULL AUTO_INCREMENT,
  `catid` smallint(5) unsigned NOT NULL DEFAULT '0',
  `modelid` smallint(5) NOT NULL,
  `title` varchar(80) NOT NULL DEFAULT '',
  `seourl` varchar(255) NOT NULL,
  `thumb` varchar(255) NOT NULL DEFAULT '',
  `keywords` varchar(255) NOT NULL DEFAULT '',
  `description` varchar(255) NOT NULL,
  `listorder` tinyint(3) unsigned NOT NULL DEFAULT '0',
  `status` tinyint(2) unsigned NOT NULL DEFAULT '1',
  `hits` smallint(5) unsigned NOT NULL DEFAULT '0',
  `loves` smallint(5) unsigned NOT NULL DEFAULT '0' COMMENT '点赞',
  `hates` smallint(5) unsigned NOT NULL DEFAULT '0' COMMENT '不喜欢',
  `shares` smallint(5) unsigned NOT NULL DEFAULT '0' COMMENT '分享次数',
  `comment` smallint(5) unsigned NOT NULL DEFAULT '0' COMMENT '评论数量',
  `authorid` int(11) NOT NULL DEFAULT '0' COMMENT '运营id',
  `familyid` int(11) NOT NULL DEFAULT '0' COMMENT '家庭id',
  `username` char(20) NOT NULL,
  `name` char(50) NOT NULL COMMENT '用户姓名',
  `userid` smallint(5) NOT NULL DEFAULT '0' COMMENT '录入用户id',
  `uid` smallint(5) NOT NULL DEFAULT '0' COMMENT '关联用户id',
  `telme` int(8) NOT NULL DEFAULT '0' COMMENT '0 不大 1 用什么药',
  `phone` varchar(255) NOT NULL COMMENT '用户表手机号',
  `time` int(10) unsigned NOT NULL DEFAULT '0',
  PRIMARY KEY (`id`),
  KEY `catid` (`catid`,`listorder`,`time`),
  KEY `time` (`catid`,`time`),
  KEY `status` (`catid`,`status`)
) ENGINE=MyISAM AUTO_INCREMENT=107 DEFAULT CHARSET=utf8;

INSERT INTO `io_content` VALUES('92','25','19','么么g','','','','','0','1','0','0','0','0','0','0','0','1466387943','星叔','6','7','0','13700879031','1466388136');
INSERT INTO `io_content` VALUES('93','25','19','刘婷','','','','','0','1','0','0','0','0','0','0','0','1466387907','董越','3','13','0','15001395683','1466388496');
INSERT INTO `io_content` VALUES('2','6','13','9.162016-06-17','','','','上班时间','0','1','0','0','0','0','0','0','0','1466156788','9.16','7','0','0','','1466156924');
INSERT INTO `io_content` VALUES('3','6','13','阿基利2016-06-17','','','','我二哥还不错','0','1','0','0','0','0','0','0','0','1466157013','阿基利','9','0','0','','1466157333');
INSERT INTO `io_content` VALUES('4','5','13','阿基利2016-06-17','','','','身材不够','0','1','0','0','0','0','0','0','0','1466157013','阿基利','9','0','0','','1466157449');
INSERT INTO `io_content` VALUES('95','6','13','✨刘婷♏️Tina❤️2016-06-20','','','','mmmmm','0','1','0','0','0','0','0','0','0','1466388462','✨刘婷♏️Tina❤️','13','0','0','','1466389345');
INSERT INTO `io_content` VALUES('6','6','13','9.162016-06-17','','','','实施阶段','0','1','0','0','0','0','0','0','0','1466156788','9.16','7','0','0','','1466158161');
INSERT INTO `io_content` VALUES('94','25','19','刘平','','','','','0','1','0','0','0','0','0','0','93','1466387907','董越','3','0','0','13718476612','1466388574');
INSERT INTO `io_content` VALUES('7','6','13','9.162016-06-17','','','','视觉设计师基督教基督教的亟待解决的决定','0','1','0','0','0','0','0','0','0','1466156788','9.16','7','0','0','','1466158306');
INSERT INTO `io_content` VALUES('8','5','13','兰毅2016-06-17','','','','牙龈肿疼吃牛黄解毒片担心太寒凉，里面苦寒的成分太多，请问还可以选哪种中成药？比如偏甘寒的。','0','1','0','0','0','0','0','0','0','1466158472','兰毅','18','0','0','','1466158666');
INSERT INTO `io_content` VALUES('96','6','13','✨刘婷♏️Tina❤️2016-06-20','','','','mmmmmm','0','1','0','0','0','0','0','0','0','1466388462','✨刘婷♏️Tina❤️','13','0','0','','1466389439');
INSERT INTO `io_content` VALUES('10','2','1','内蒙古政府法制办倾注真情为帮扶村办实事','','','政府法制办,内蒙古,真情','\r\n	内蒙古自治区政府法制办针对帮扶点额木庭高勒苏木兴隆屯嘎查实际情况，积极协调科右中旗和相关部门，解决了两件事关农牧民身体健康的实事：\r\n\r\n\r\n	一、\r\n争取并落实了农牧民健身器材。按照自治区党委关于“十个全覆盖','0','1','0','1','0','0','0','0','0','admin','','0','0','0','','1411553919');
INSERT INTO `io_content` VALUES('97','33','1','花生是民间长寿果 花生和什么一起吃最好','','http://mmbiz.qpic.cn/mmbiz/iba29mufW1ydPFdZcS9OeFFYHjnBHzCzl1iaIiaDFHXzSW1gJ9PwlibtwGG9rNaq6wXSXL5naCY7aUYAnmtqV6q8Lw/640?wx_fmt=jpeg&amp;wxfrom=5&amp;wx_lazy=1','长寿果,花生,民间,最好','花生被民间成为“长寿果”，说明多吃花生有益健康。花生的功效与作用被人们所熟知，不过你知道花生和什么一起吃又美味又营养吗？在这里，为大家介绍一下花生和什么食物是黄金搭档吧。\r\n\r\n	\r\n\r\n\r\n	花生的7大功效\r\n\r\n\r\n	控制食','0','1','0','0','0','0','0','0','0','admin','','0','0','0','','1466390326');
INSERT INTO `io_content` VALUES('12','2','1','李克强主持召开国务院常务会议','','','国务院,李克强','国务院总理李克强6月8日主持召开国务院常务会议，部署实施健康扶贫工程，提升农村贫困人口医疗保障和健康水平；确定发展和规范健康医疗大数据应用的措\r\n施，通过互联网+医疗更好满足群众需求；决定建设福厦泉与合芜蚌','0','1','0','6','0','4','0','0','0','admin','','0','0','0','','1465381169');
INSERT INTO `io_content` VALUES('13','2','1','补贫困地区医疗服务“短板” 健康扶贫“五措并举”','','','贫困地区,健康','新华社北京６月８日电（记者胡浩）８日召开的国务院常务会议部署实施健康扶贫工程，明确了提升农村贫困人口医疗保障和健康水平，补上贫困地区医疗服务“短板”的五项举措。\r\n\r\n	\r\n国务院常务会议提出，一要减轻农村贫困','0','1','0','4','3','2','0','0','0','admin','','0','0','0','','1465294840');
INSERT INTO `io_content` VALUES('15','2','1','国家卫生计生委、国务院扶贫办启动建档立卡农村贫困人口“因病致贫、因病返贫”调查工作','','/data/upload/image/201606/f9fd22a6823fda6f.png','国务院,计生委,国家','为进一步核准农村贫困人口中因病致贫、因病返贫家庭数及患病人员情况，为实施健康扶贫工程奠定基础，2016年4月28日，国家卫生计生委会同国务院扶贫\r\n办在京召开建档立卡农村贫困人口“因病致贫、因病返贫”调查工作启','0','1','0','1','0','1','0','0','0','admin','','0','0','0','','1461925288');
INSERT INTO `io_content` VALUES('16','2','1','国家卫生计生委部署实施健康扶贫工程','','','计生委,国家,工程,健康','2016年3月24日，国家卫生计生委召开扶贫开发与对口支援工作领导小组会议，部署实施2016年健康扶贫工程，领导小组组长、国家卫生计生委主任李斌出席会议并讲话，领导小组副组长、国家卫生计生委副主任王培安主持会议','0','1','0','0','0','0','0','0','0','admin','','0','0','0','','1458901331');
INSERT INTO `io_content` VALUES('17','2','1','北京医疗“一对一”覆盖乌兰察布','','','乌兰察布,一对一,北京','农牧民享医疗健康扶贫\r\n\r\n\r\n	春节刚过，乌兰察布茫茫草原仍是天寒地冻，但是兴和县鄂尔栋镇农牧民张伟的心里却温暖如春：“感谢北京来的医疗队，要不是人家给免费体检，我这病还不知道要发展到什么程度”。\r\n\r\n\r\n	\r\n为了','0','1','0','0','1','0','0','0','0','admin','','0','0','0','','1456223032');
INSERT INTO `io_content` VALUES('18','32','1','心绞痛','','','心绞痛','\r\n	症状\r\n\r\n\r\n	心绞痛是冠状动脉供血不足，导致心肌急剧地暂时缺血与缺氧所引起的临床综合症。\r\n\r\n\r\n	其发作状况一般有明显的诱因，如：情绪激动、精神紧张、过度劳累、饱餐、烟酒过度等不良生活习性。\r\n\r\n\r\n	急救方法\r\n\r\n\r\n	1、','0','1','0','1','0','0','0','0','0','admin','','0','0','0','','1466159106');
INSERT INTO `io_content` VALUES('20','32','1','头部受伤','','','头部受伤','\r\n	急救办法\r\n\r\n\r\n	如果你的头上起了个包，那么用冰袋敷患处可以减轻水肿。如果被砸伤后头部开始流血，处置方式和被割伤的方式一样，即用干净毛巾按压伤口止血，然后去医院缝合伤口，并检查是否有内伤。如果被砸伤者昏厥','0','1','0','2','0','0','0','0','0','admin','','0','0','0','','1466159117');
INSERT INTO `io_content` VALUES('21','32','1','呼吸困难','','','呼吸困难','\r\n	\r\n		症状\r\n	\r\n	\r\n		呼吸困难是指病人自觉有氧气不足或呼吸费力的感觉。而客观上，呼吸的频率、深度和节律都有所改变。\r\n	\r\n	\r\n		急救办法\r\n	\r\n	\r\n		1、一旦出现呼吸困难，应首先保持气道通畅，如有气道分泌物或异物应及时清','0','1','0','1','1','0','0','0','0','admin','','0','0','0','','1466159204');
INSERT INTO `io_content` VALUES('22','32','1','腹痛','','','','\r\n	急救办法\r\n\r\n\r\n	1、让患者保持安静，取俯卧位可使腹痛减轻，可用双手适当压迫腹部使疼痛缓解。\r\n2、令患者平卧床上，蜷起双腿，屈膝、放松腹部，如腹部僵硬、压痛明显，则用手指压住疼痛部位，然后猛然抬手。\r\n\r\n\r\n	禁止\r\n','0','1','0','1','0','1','0','0','0','admin','','0','0','0','','1466159274');
INSERT INTO `io_content` VALUES('23','32','1','发烧','','','','急救办法\r\n\r\n\r\n	1、用稍凉的毛巾（约25℃）在额头、脸上擦拭。\r\n2、将衣物解开，用温水（37℃左右）泡澡，可使皮肤的血管扩张，体热散出。每次泡澡约十至十五分钟，约四至六小时一次。\r\n3、肛温38℃以上者可使用冷水枕','0','3','0','8','4','8','0','0','0','admin','','0','0','0','','1466159291');
INSERT INTO `io_content` VALUES('27','6','13','兰毅2016-06-17','','','','hello,world！','0','0','0','0','0','0','0','0','0','1466158472','兰毅','18','0','0','','1466161228');
INSERT INTO `io_content` VALUES('26','5','13','刘庆2016-06-17','','','','经常咳嗽，浓痰，带喘，想知道有什么办法缓解症状？','0','1','0','0','0','0','0','0','0','1466159598','刘庆','20','0','0','','1466159811');
INSERT INTO `io_content` VALUES('28','9','13','高猛2016-06-17','','','','啦啦啦','0','1','0','0','0','0','0','0','0','1466159668','高猛','21','0','0','','1466161536');
INSERT INTO `io_content` VALUES('29','9','13','毛毳毳2016-06-17','','','','胃痛','0','1','0','0','0','0','0','0','0','1466158117','毛毳毳','15','0','0','','1466161842');
INSERT INTO `io_content` VALUES('105','9','13','胡操航2016-06-20','','','','最近老是睡不着，头疼的厉害，怎么办？','0','1','0','0','0','0','0','0','0','1466388043','胡操航','10','0','0','','1466410216');
INSERT INTO `io_content` VALUES('31','6','13','✨刘婷♏️Tina❤️2016-06-17','','','','啊啊啊啊','0','0','0','0','0','0','0','0','0','1466158005','✨刘婷♏️Tina❤️','13','0','0','','1466161973');
INSERT INTO `io_content` VALUES('98','25','19','谢谢','','','','','0','1','0','0','0','0','0','0','0','1466390588','阿基利','16','17','0','13718300494','1466390833');
INSERT INTO `io_content` VALUES('33','6','13','胡操航2016-06-17','','','','测试胰腺癌','0','1','0','0','0','0','0','0','0','1466156562','胡操航','3','0','0','','1466165555');
INSERT INTO `io_content` VALUES('34','8','13','胡操航2016-06-17','','','','测试一下！！！','0','1','0','0','0','0','0','0','0','1466155328','胡操航','1','0','0','','1466168273');
INSERT INTO `io_content` VALUES('35','9','13','胡操航2016-06-17','','','','测试两下000','0','1','0','0','0','0','0','0','0','1466155328','胡操航','1','0','0','','1466168313');
INSERT INTO `io_content` VALUES('36','6','13','胡操航2016-06-17','','','','呵呵','0','1','0','0','0','0','0','0','0','1466156562','胡操航','3','0','0','','1466168808');
INSERT INTO `io_content` VALUES('37','6','13','9.162016-06-17','','','','我有病','0','1','0','0','0','0','0','0','0','1466156788','9.16','7','0','0','','1466174631');
INSERT INTO `io_content` VALUES('38','9','13','高翰文2016-06-17','','','','头疼','0','1','0','0','0','0','0','0','0','1466156586','高翰文','4','0','0','','1466174679');
INSERT INTO `io_content` VALUES('39','6','13','9.162016-06-17','','','','傻大姐大姐大姐','0','1','0','0','0','0','0','0','0','1466156788','9.16','7','0','0','','1466174872');
INSERT INTO `io_content` VALUES('40','6','13','9.162016-06-17','','','','傻大姐大姐大姐','0','1','0','0','0','0','0','0','0','1466156788','9.16','7','0','0','','1466174963');
INSERT INTO `io_content` VALUES('41','6','13','9.162016-06-17','','','','设计师基督教','0','1','0','0','0','0','0','0','0','1466156788','9.16','7','0','0','','1466174980');
INSERT INTO `io_content` VALUES('42','6','13','9.162016-06-17','','','','设计师基督教','0','1','0','0','0','0','0','0','0','1466156788','9.16','7','0','0','','1466174984');
INSERT INTO `io_content` VALUES('43','9','13','小辛2016-06-17','','','','谢谢','0','1','0','0','0','0','0','0','0','1466156648','小辛','5','0','0','','1466175064');
INSERT INTO `io_content` VALUES('44','9','13','阿基利2016-06-18','','','','脖子痛，头痛，像一根筋不能动一样，怎么办','0','1','0','0','0','0','0','0','0','1466156257','阿基利','2','0','0','','1466210934');
INSERT INTO `io_content` VALUES('45','6','13','阿基利2016-06-18','','','','脖子痛怎么办，吃什么药','0','1','0','0','0','0','0','0','0','1466157013','阿基利','9','0','0','','1466216592');
INSERT INTO `io_content` VALUES('46','9','13','董越2016-06-18','','','','腹泻','0','1','0','0','0','0','0','0','0','1466158117','董越','15','0','0','','1466217654');
INSERT INTO `io_content` VALUES('47','6','13','小辛2016-06-18','','','','问你个问题','0','1','0','0','0','0','0','0','0','1466161580','小辛','22','0','0','','1466220858');
INSERT INTO `io_content` VALUES('48','6','13','小辛2016-06-18','','','','问你个问题','0','1','0','0','0','0','0','0','0','1466161580','小辛','22','0','0','','1466220954');
INSERT INTO `io_content` VALUES('99','25','19','啦啦啦','','','','','0','1','0','0','0','0','0','0','98','1466390588','阿基利','16','0','0','11144441111','1466390918');
INSERT INTO `io_content` VALUES('100','33','1','养生常识：这水果太新鲜竟不好吃！ 吃水果须牢记6大禁忌','','/data/upload/image/201606/b489f0661735e660.jpg','养生常识,吃水果','导读:在有些水果刚买来或刚摘下来时并不是最好吃的。这是因为，有些水果一旦成熟就迅速地彻底变软，没法运输和贮藏，所以它们必须在没有充分成熟前，以“硬邦邦”的状态摘下来，才能被安全地运到超市里。跟其他水','0','1','0','0','0','0','0','0','0','admin','','0','0','0','','1466391186');
INSERT INTO `io_content` VALUES('51','6','13','胡泽玉2016-06-18','','','','脖子痛痛喔I小学校许许多多的对DVv等胆固醇电动车新东方沉甸甸','0','1','0','0','0','0','0','0','0','1466227144','胡泽玉','30','0','0','','1466227586');
INSERT INTO `io_content` VALUES('52','9','13','胡操航2016-06-18','','','','回复解放军解放南非警方能否坚持看','0','1','0','0','0','0','0','0','0','1466155328','胡操航','1','0','0','','1466230455');
INSERT INTO `io_content` VALUES('53','8','13','胡操航2016-06-18','','','','开发开放没出门可参考参考参考','0','1','0','0','0','0','0','0','0','1466155328','胡操航','1','0','0','','1466230468');
INSERT INTO `io_content` VALUES('54','5','13','胡操航2016-06-18','','','','君大静大静的难吃难吃呢','0','1','0','0','0','0','0','0','0','1466156562','胡操航','3','0','0','','1466231615');
INSERT INTO `io_content` VALUES('55','6','13','胡操航2016-06-18','','','','耳温枪温柔','0','1','0','0','0','0','0','0','0','1466156562','胡操航','3','0','0','','1466233252');
INSERT INTO `io_content` VALUES('56','5','13','胡操航2016-06-18','','','','测试快速问诊','0','1','0','0','0','0','0','0','0','1466156562','胡操航','3','0','0','','1466233271');
INSERT INTO `io_content` VALUES('57','9','13','胡操航2016-06-18','','','','我问一下测试','0','1','0','0','0','0','0','0','0','1466155328','胡操航','1','0','0','','1466233409');
INSERT INTO `io_content` VALUES('58','9','13','胡操航2016-06-18','','','','测试一下体温到寻医问药','0','1','0','0','0','0','0','0','0','1466155328','胡操航','1','0','0','','1466233774');
INSERT INTO `io_content` VALUES('60','8','13','胡操航2016-06-18','','','','问一下测试0','0','1','0','0','0','0','0','0','0','1466155328','胡操航','1','0','0','','1466233962');
INSERT INTO `io_content` VALUES('61','9','13','阿基利2016-06-18','','','','我有颈椎病，挺严重的好几年了，这两天也挺疼的但是脖子前面也难受了!!右边总像似有东西的感觉平躺在床就感觉不到了摸着不硬但是感觉也有点轻微的肿似的别的没什么症状了','0','1','0','0','0','0','0','0','0','1466156257','阿基利','2','0','0','','1466237566');
INSERT INTO `io_content` VALUES('62','8','13','阿基利2016-06-18','','','','我脖子几乎每天都难受的不行、玩电脑不到1个钟头就不行了、晚上有时疼得就不能睡、我才16、不常上网、有时在教室都听不下去课，谁能告诉我这是怎么回事，谢谢了、我按摩了、不顶什么事。','0','1','0','0','0','0','0','0','0','1466156257','阿基利','2','0','0','','1466237648');
INSERT INTO `io_content` VALUES('63','8','13','胡操航2016-06-18','','','','我脖子几乎每天都难受的不行、玩电脑不到1个钟头就不行了、晚上有时疼得就不能睡、我才16、不常上网、有时在教室都听不下去课，谁能告诉我这是怎么回事，谢谢了、我按摩了、不顶什么事。','0','1','0','0','0','0','0','0','0','1466155328','胡操航','1','0','0','','1466238296');
INSERT INTO `io_content` VALUES('64','8','13','胡操航2016-06-18','','','','早上起不来怎么办','0','1','0','0','0','0','0','0','0','1466155328','胡操航','1','0','0','','1466239965');
INSERT INTO `io_content` VALUES('65','9','13','董越2016-06-18','','','','测试测试测试','0','1','0','0','0','0','0','0','0','1466158117','董越','15','0','0','','1466241160');
INSERT INTO `io_content` VALUES('67','5','13','a   拉丁霓裳2016-06-18','','','','男，32.吞咽困难','0','1','0','0','0','0','0','0','0','1466174757','a   拉丁霓裳','26','0','0','','1466241844');
INSERT INTO `io_content` VALUES('69','9','13','高翰文2016-06-18','','','','天数很热，但还是感冒了','0','1','0','0','0','0','0','0','0','1466156586','高翰文','4','0','0','','1466247408');
INSERT INTO `io_content` VALUES('71','6','13','尹钢2016-06-18','','','','嗓子疼，难受，肚子也疼。','0','1','0','0','0','0','0','0','0','1466243499','尹钢','32','0','0','','1466252468');
INSERT INTO `io_content` VALUES('72','8','13','刘庆2016-06-18','','','','嗓子疼，脸上长痘痘，持续一周了','0','1','0','0','0','0','0','0','0','1466158691','刘庆','19','0','0','','1466254028');
INSERT INTO `io_content` VALUES('73','6','13','airfreight2016-06-18','','','','没毛病是什么病，怎么治啊','0','1','0','0','0','0','0','0','0','1466226595','airfreight','29','0','0','','1466264608');
INSERT INTO `io_content` VALUES('74','6','13','胡操航2016-06-19','','','','嗯','0','1','0','0','0','0','0','0','0','1466156562','胡操航','3','0','0','','1466266892');
INSERT INTO `io_content` VALUES('78','8','13','a   拉丁霓裳2016-06-19','','','','男32.吞咽困难','0','1','0','0','0','0','0','0','0','1466162001','a   拉丁霓裳','24','0','0','','1466294952');
INSERT INTO `io_content` VALUES('76','6','13','星叔2016-06-19','','','','长线','0','1','0','0','0','0','0','0','0','1466157894','星叔','11','0','0','','1466267622');
INSERT INTO `io_content` VALUES('77','6','13','星叔2016-06-19','','','','还得快点快点快点','0','1','0','0','0','0','0','0','0','1466157894','星叔','11','0','0','','1466269917');
INSERT INTO `io_content` VALUES('79','8','13','刘庆2016-06-19','','','','嗓子疼，脸上长痘痘，持续一周了，怎么办？有啥药吗？','0','1','0','0','0','0','0','0','0','1466158691','刘庆','19','0','0','','1466296425');
INSERT INTO `io_content` VALUES('80','9','13','阿基利2016-06-19','','','','长期工作来脖子不舒服怎么办','0','1','0','0','0','0','0','0','0','1466156257','阿基利','2','0','0','','1466298682');
INSERT INTO `io_content` VALUES('81','8','13','兰毅2016-06-19','','','','牙疼除了牛黄解毒丸，还可以用什么中成药？牛黄解毒丸成分太寒凉。','0','1','0','0','0','0','0','0','0','1466158349','兰毅','17','0','0','','1466299295');
INSERT INTO `io_content` VALUES('82','9','13','高翰文2016-06-19','','','','头疼怎么办？','0','1','0','0','0','0','0','0','0','1466300846','高翰文','43','0','0','','1466301202');
INSERT INTO `io_content` VALUES('83','9','13','董越2016-06-19','','','','腹痛吃什么药','0','1','0','0','0','0','0','0','0','1466300565','董越','41','0','0','','1466301408');
INSERT INTO `io_content` VALUES('84','8','13','董越2016-06-19','','','','头疼怎么治疗','0','1','0','0','0','0','0','0','0','1466300565','董越','41','0','0','','1466301476');
INSERT INTO `io_content` VALUES('102','9','13','胡操航2016-06-20','','','','最近一直头疼怎么办','0','1','0','0','0','0','0','0','0','1466388043','胡操航','10','0','0','','1466399498');
INSERT INTO `io_content` VALUES('101','9','13','胡操航2016-06-20','','','','回到家打开大门','0','1','0','0','0','0','0','0','0','1466388043','胡操航','10','0','0','','1466399417');
INSERT INTO `io_content` VALUES('87','10','1','内蒙古呼和浩特2016卫生资格考试报名通知','','','呼和浩特,内蒙古,卫生资格,报名','\r\n	内蒙古呼和浩特卫生和计划生育委员会近日公布了关于呼和浩特地区2016年度全国卫生执业资格考试报名的通知，医学教育网整理如下：\r\n\r\n\r\n	现将呼和浩特地区2016年度全国卫生执业资格考试报名相关事宜公告如下。\r\n\r\n\r\n	一、','0','1','0','0','0','0','0','0','0','admin','','0','0','0','','1452696548');
INSERT INTO `io_content` VALUES('88','10','1','内蒙古赤峰市2016卫生资格考试报名审核工作通知','','','内蒙古,卫生资格,赤峰市,报名','\r\n	内蒙古赤峰市卫生与计划委员会于近日公布了关于组织2016年度卫生专业资格考试报名、审核工作的通知，医学教育网整理如下：\r\n\r\n\r\n	各旗县区卫生计生局、市直各相关医疗卫生单位：\r\n\r\n\r\n	根据内蒙古自治区卫生和计划生育委','0','1','0','0','0','0','0','0','0','admin','','0','0','0','','1453214991');
INSERT INTO `io_content` VALUES('89','10','1','北京市2016年卫生专业技术资格考试计划','','','北京市,专业技术,资格考试,计划','\r\n	根据国家卫生计生委人才交流服务中心《关于2016年卫生专业技术资格考试考务工作安排的通知》（卫人才发【2016】第4号）文件精神，为做好2016年度卫生专业技术资格考试（以下简称考试）考务工作，现将有关事项通知','0','1','0','0','0','0','0','0','0','admin','','0','0','0','','1453301418');
INSERT INTO `io_content` VALUES('90','10','1','关于2016年医师资格考试考生网上报名填写相关工作单位和毕业学校的通知','','','资格考试,网上报名,学校','为保障2016年医师资格考试报名信息准确，以利统计分析和资格确认，经医师资格考试委员会办公室（以下简称医考办）研究，决定自2016年起，网上报名\r\n系统中将关闭工作单位和毕业学校手工录入功能，请考生在网上报名时','0','1','0','0','0','0','0','0','0','admin','','0','0','0','','1456757463');
INSERT INTO `io_content` VALUES('91','10','1','关于2016年医师资格考试网上试报名的通知','','','资格考试,报名,网上','根据2016年医师资格考试工作安排，自即日起开始医师资格考试考生网上试报名。一旦网上正式报名开始后，试报名信息将直接转入正式报名库中。\r\n\r\n	试报名期间，考生如发现报名操作技术问题，请发送邮件至support@nmec.or','0','1','0','0','0','1','0','0','0','admin','','0','0','0','','1457621481');
INSERT INTO `io_content` VALUES('103','9','13','星叔2016-06-20','','','','测试下新接口','0','1','0','0','0','0','0','0','0','1466387943','星叔','6','0','0','','1466402757');
INSERT INTO `io_content` VALUES('104','33','1','夏至饮食养生的方法','','','饮食养生','夏至即将到来，那么夏至饮食养生的方法有哪些呢？夏至意味着天气越来越炎热，稍不留意就容易中暑上火甚至引发疾病，下面小编为您介绍夏至饮食养生的方法，一起去看看吧。\r\n\r\n\r\n	夏至饮食养生的方法\r\n\r\n\r\n	1、多喝水','0','1','0','0','0','0','0','0','0','admin','','0','0','0','','1466402619');
INSERT INTO `io_content` VALUES('106','9','13','胡操航2016-06-20','','','','心胸气闷上不来气怎么办？','0','1','0','0','0','0','0','0','0','1466388043','胡操航','10','0','0','','1466410426');

DROP TABLE IF EXISTS `io_content_ask`;
CREATE TABLE `io_content_ask` (
  `id` mediumint(8) NOT NULL,
  `catid` smallint(5) NOT NULL,
  `content` mediumtext NOT NULL,
  `files` mediumtext NOT NULL,
  `qid` varchar(255) NOT NULL,
  `departid` varchar(255) NOT NULL,
  PRIMARY KEY (`id`),
  KEY `catid` (`catid`)
) ENGINE=MyISAM DEFAULT CHARSET=utf8;

INSERT INTO `io_content_ask` VALUES('2','6','上班时间','','','');
INSERT INTO `io_content_ask` VALUES('3','6','我二哥还不错','a:2:{s:7:\"fileurl\";a:1:{i:0;s:72:\"/data/upload/member/9/image/201606/30dfb26a04d3dbb20c800dd63d135999.jpeg\";}s:8:\"filename\";a:1:{i:0;s:35:\"Screenshot_2016-06-17-08-47-20.jpeg\";}}','','');
INSERT INTO `io_content_ask` VALUES('4','5','身材不够','','','');
INSERT INTO `io_content_ask` VALUES('6','6','实施阶段','a:2:{s:7:\"fileurl\";a:1:{i:0;s:71:\"/data/upload/member/7/image/201606/99fa129488a291ad2fd2eb94abf22434.png\";}s:8:\"filename\";a:1:{i:0;s:9:\"image.png\";}}','','');
INSERT INTO `io_content_ask` VALUES('7','6','视觉设计师基督教基督教的亟待解决的决定','','','');
INSERT INTO `io_content_ask` VALUES('8','5','牙龈肿疼吃牛黄解毒片担心太寒凉，里面苦寒的成分太多，请问还可以选哪种中成药？比如偏甘寒的。','','','');
INSERT INTO `io_content_ask` VALUES('26','5','经常咳嗽，浓痰，带喘，想知道有什么办法缓解症状？','','','');
INSERT INTO `io_content_ask` VALUES('27','6','hello, world！','','','');
INSERT INTO `io_content_ask` VALUES('28','9','啦啦啦','','','');
INSERT INTO `io_content_ask` VALUES('29','9','胃痛','','','');
INSERT INTO `io_content_ask` VALUES('31','6','啊啊啊啊','a:2:{s:7:\"fileurl\";a:1:{i:0;s:72:\"/data/upload/member/13/image/201606/6fe253d87fa103ddd17a6cc44a8c5881.jpg\";}s:8:\"filename\";a:1:{i:0;s:23:\"IMG_20160616_145350.jpg\";}}','','');
INSERT INTO `io_content_ask` VALUES('33','6','测试胰腺癌','a:2:{s:7:\"fileurl\";a:1:{i:0;s:71:\"/data/upload/member/3/image/201606/25713fbec53700b21ff334d9c7b1ae9e.png\";}s:8:\"filename\";a:1:{i:0;s:23:\"1465822085_document.png\";}}','','');
INSERT INTO `io_content_ask` VALUES('34','8','测试一下！！！','','110538620','345');
INSERT INTO `io_content_ask` VALUES('35','9','测试两下000','','','');
INSERT INTO `io_content_ask` VALUES('36','6','呵呵','','','');
INSERT INTO `io_content_ask` VALUES('37','6','我有病','','','');
INSERT INTO `io_content_ask` VALUES('38','9','头疼','','','');
INSERT INTO `io_content_ask` VALUES('39','6','傻大姐大姐大姐','','','');
INSERT INTO `io_content_ask` VALUES('40','6','傻大姐大姐大姐','','','');
INSERT INTO `io_content_ask` VALUES('41','6','设计师基督教','','','');
INSERT INTO `io_content_ask` VALUES('42','6','设计师基督教','','','');
INSERT INTO `io_content_ask` VALUES('43','9','谢谢','','','');
INSERT INTO `io_content_ask` VALUES('44','9','脖子痛，头痛，像一根筋不能动一样，怎么办','','','');
INSERT INTO `io_content_ask` VALUES('45','6','脖子痛怎么办，吃什么药','a:2:{s:7:\"fileurl\";a:1:{i:0;s:72:\"/data/upload/member/9/image/201606/4d2c8c9d23d1c7add09fb0b74a99563b.jpeg\";}s:8:\"filename\";a:1:{i:0;s:35:\"Screenshot_2016-06-17-08-44-26.jpeg\";}}','','');
INSERT INTO `io_content_ask` VALUES('46','9','腹泻','a:2:{s:7:\"fileurl\";a:1:{i:0;s:72:\"/data/upload/member/15/image/201606/053643923e2a99e7cb24d470ffe51b5a.jpg\";}s:8:\"filename\";a:1:{i:0;s:23:\"IMG_20160610_150753.jpg\";}}','','');
INSERT INTO `io_content_ask` VALUES('47','6','问你个问题','','','');
INSERT INTO `io_content_ask` VALUES('48','6','问你个问题','','','');
INSERT INTO `io_content_ask` VALUES('51','6','脖子痛痛喔I小学校许许多多的对DVv等胆固醇电动车新东方沉甸甸','','','');
INSERT INTO `io_content_ask` VALUES('52','9','回复解放军解放南非警方能否坚持看','','','');
INSERT INTO `io_content_ask` VALUES('53','8','开发开放没出门可参考参考参考','','105844272','345');
INSERT INTO `io_content_ask` VALUES('54','5','君大静大静的难吃难吃呢','','105844273','345');
INSERT INTO `io_content_ask` VALUES('55','6','耳温枪温柔','','','');
INSERT INTO `io_content_ask` VALUES('56','5','测试快速问诊','','105844274','345');
INSERT INTO `io_content_ask` VALUES('57','9','我问一下测试','','','');
INSERT INTO `io_content_ask` VALUES('58','9','测试一下体温到寻医问药','','105844275','272');
INSERT INTO `io_content_ask` VALUES('60','8','问一下测试0','','105844276','345');
INSERT INTO `io_content_ask` VALUES('61','9','我有颈椎病，挺严重的好几年了，这两天也挺疼的 但是脖子前面也难受了!! 右边总像似有东西的感觉 平躺在床就感觉不到了 摸着不硬 但是感觉也有点轻微的肿似的 别的没什么症状了','','105844277','297');
INSERT INTO `io_content_ask` VALUES('62','8','我脖子几乎每天都难受的不行、玩电脑不到1个钟头就不行了、晚上有时疼得就不能睡、我才16、不常上网、有时在教室都听不下去课，谁能告诉我这是怎么回事，谢谢了、 我按摩了、不顶什么事。','','105844278','345');
INSERT INTO `io_content_ask` VALUES('63','8','我脖子几乎每天都难受的不行、玩电脑不到1个钟头就不行了、晚上有时疼得就不能睡、我才16、不常上网、有时在教室都听不下去课，谁能告诉我这是怎么回事，谢谢了、 我按摩了、不顶什么事。','','105844279','345');
INSERT INTO `io_content_ask` VALUES('64','8','早上起不来 怎么办','','105844280','345');
INSERT INTO `io_content_ask` VALUES('65','9','测试测试测试','','105844281','345');
INSERT INTO `io_content_ask` VALUES('67','5','男，32.吞咽困难','','105844282','292');
INSERT INTO `io_content_ask` VALUES('69','9','天数很热，但还是感冒了','','105844283','272');
INSERT INTO `io_content_ask` VALUES('71','6','嗓子疼，难受，肚子也疼。','','','');
INSERT INTO `io_content_ask` VALUES('72','8','嗓子疼，脸上长痘痘，持续一周了','','105844284','306');
INSERT INTO `io_content_ask` VALUES('73','6','没毛病是什么病，怎么治啊','','','');
INSERT INTO `io_content_ask` VALUES('74','6','嗯','','','');
INSERT INTO `io_content_ask` VALUES('76','6','长线','','','');
INSERT INTO `io_content_ask` VALUES('77','6','还得快点快点快点','','','');
INSERT INTO `io_content_ask` VALUES('78','8','男32.吞咽困难','','105844285','292');
INSERT INTO `io_content_ask` VALUES('79','8','嗓子疼，脸上长痘痘，持续一周了，怎么办？有啥药吗？','','105844286','306');
INSERT INTO `io_content_ask` VALUES('80','9','长期工作来脖子不舒服怎么办','','105844287','297');
INSERT INTO `io_content_ask` VALUES('81','8','牙疼除了牛黄解毒丸，还可以用什么中成药？牛黄解毒丸成分太寒凉。','','105844288','292');
INSERT INTO `io_content_ask` VALUES('82','9','头疼怎么办？','a:2:{s:7:\"fileurl\";a:1:{i:0;s:73:\"/data/upload/member/43/image/201606/e303bb34d758a22c30a5267412e54887.jpeg\";}s:8:\"filename\";a:1:{i:0;s:10:\"image.jpeg\";}}','105844289','272');
INSERT INTO `io_content_ask` VALUES('83','9','腹痛吃什么药','a:2:{s:7:\"fileurl\";a:1:{i:0;s:72:\"/data/upload/member/41/image/201606/46a589dfb7006972805e81c42eb146e2.png\";}s:8:\"filename\";a:1:{i:0;s:34:\"Screenshot_2016-06-08-16-15-40.png\";}}','105844290','272');
INSERT INTO `io_content_ask` VALUES('84','8','头疼怎么治疗','','105844291','272');
INSERT INTO `io_content_ask` VALUES('95','6','mmmmm','a:2:{s:7:\"fileurl\";a:1:{i:0;s:72:\"/data/upload/member/13/image/201606/db84964a30fb81e8018939e0d0d186bc.jpg\";}s:8:\"filename\";a:1:{i:0;s:36:\"3467d51f964f2b5afad76a716d2c3316.jpg\";}}','','');
INSERT INTO `io_content_ask` VALUES('96','6','mmmmmm','','','');
INSERT INTO `io_content_ask` VALUES('101','9','回到家打开大门','','110670723','345');
INSERT INTO `io_content_ask` VALUES('102','9','最近一直头疼 怎么办','','110670753','272');
INSERT INTO `io_content_ask` VALUES('103','9','测试下新接口','','105844301','345');
INSERT INTO `io_content_ask` VALUES('105','9','最近老是睡不着，头疼的厉害，怎么办？','','110681290','345');
INSERT INTO `io_content_ask` VALUES('106','9','心胸气闷 上不来气 怎么办？','','110681386','272');

DROP TABLE IF EXISTS `io_content_learning`;
CREATE TABLE `io_content_learning` (
  `id` mediumint(8) NOT NULL,
  `catid` smallint(5) NOT NULL,
  `content` mediumtext NOT NULL,
  PRIMARY KEY (`id`),
  KEY `catid` (`catid`)
) ENGINE=MyISAM DEFAULT CHARSET=utf8;


DROP TABLE IF EXISTS `io_content_news`;
CREATE TABLE `io_content_news` (
  `id` mediumint(8) NOT NULL,
  `catid` smallint(5) NOT NULL,
  `content` mediumtext NOT NULL,
  `images` mediumtext NOT NULL,
  `origin` varchar(255) NOT NULL,
  PRIMARY KEY (`id`),
  KEY `catid` (`catid`)
) ENGINE=MyISAM DEFAULT CHARSET=utf8;

INSERT INTO `io_content_news` VALUES('10','2','&lt;p&gt;\r\n	&amp;nbsp;&amp;nbsp;&amp;nbsp; 内蒙古自治区政府法制办针对帮扶点额木庭高勒苏木兴隆屯嘎查实际情况，积极协调科右中旗和相关部门，解决了两件事关农牧民身体健康的实事：\r\n&lt;/p&gt;\r\n&lt;p&gt;\r\n	&amp;nbsp;&amp;nbsp;&amp;nbsp;&amp;nbsp;一、\r\n争取并落实了农牧民健身器材。按照自治区党委关于“十个全覆盖”的要求和帮扶工作计划，今年8月，针对帮扶点群众健身体育设施缺少的实际，积极联系协调分\r\n管副旗长和旗体育局，为帮扶点争取“农牧民健身工程项目”，落实了价值10万元的体育健身器材。目前，村委会大院硬化工程正在建设中，待工程完工后可直接\r\n将体育器材安装投入使用，极大方便了村民茶余饭后的文化娱乐活动，受到群众的广泛好评和高度称赞。\r\n&lt;/p&gt;\r\n&lt;p&gt;\r\n	&amp;nbsp;&amp;nbsp;&amp;nbsp;&amp;nbsp;二、争取并解决了村民看病难问\r\n题。法制办联系的帮扶点是肺结核病的高发区，超出了正常比率的10倍以上。针对帮扶点村民对肺结核防范意识薄弱，疾病多发，影响农牧民身体健康的实际。一\r\n是积极联系分管副旗长和旗结核病医院，并邀请他们深入帮扶点，与村两委班子、村医共同研究制定了村民肺结核摸底排查及治疗方案，对确诊患有肺结核的村民，\r\n根据病情逐一制定治疗方案，严格落实国家免费治疗肺结核的政策给予治疗。二是待农闲时，由村委会和旗结核病防治医院共同组织对全体村民进行肺部健康检查，\r\n全面摸底排查肺结核病情。 \r\n三是组织专家进行结核病防治知识健康讲座，重点在预防、治疗以及国家防治结核病的政策等方面进行广泛宣传和知识普及，使农牧民群众增强自我保护意识，远离\r\n结核病的困扰，健康生活。\r\n&lt;/p&gt;\r\n&lt;p&gt;\r\n	&amp;nbsp;&amp;nbsp;&amp;nbsp;&amp;nbsp;老百姓高兴地说：“帮扶单位为我们群众想的细、办的实，点点滴滴倾真情，使我们感受到了党和政府的温暖，我们也要长志气，用双手勤劳致富奔小康。”\r\n&lt;/p&gt;','','');
INSERT INTO `io_content_news` VALUES('12','2','&amp;nbsp;&amp;nbsp;&amp;nbsp; \r\n国务院总理李克强6月8日主持召开国务院常务会议，部署实施健康扶贫工程，提升农村贫困人口医疗保障和健康水平；确定发展和规范健康医疗大数据应用的措\r\n施，通过互联网+医疗更好满足群众需求；决定建设福厦泉与合芜蚌两个国家自主创新示范区，引领带动体制创新和科技创新。\r\n&lt;p&gt;\r\n	&amp;nbsp;&amp;nbsp;&amp;nbsp; \r\n会议指出，实施健康扶贫工程，补上贫困地区医疗服务“短板”，解决农村贫困人口因病致贫和返贫问题，对打赢脱贫攻坚战，意义重大。为此，一要减轻农村贫困\r\n人口医疗负担，对参加新农合的个人缴费部分给予财政补贴，提高政策范围内住院费用报销比例，加大对大病保险的支持力度。将农村贫困人口全部纳入重特大疾病\r\n医疗救助范围。将符合条件的残疾人医疗康复项目纳入基本医保支付范围。二要对患大病和慢性病的农村贫困人口进行分类救治。今年起选择负担较重、能一次性治\r\n愈的大病开展集中救治。三要实行农村贫困人口在县域内定点医疗机构住院先诊疗后付费，实现各类医保、救助“一站式”即时结算。四要确保每个连片特困地区县\r\n和国家扶贫开发工作重点县至少有1所县级公立医院、每个乡镇有1所标准化乡镇卫生院、每个行政村有1个卫生室。从全国遴选三级医院对这些地区的县级医院开\r\n展一对一帮扶。五要深化贫困地区公立医院改革，先行探索制定绩效工资总量核定办法，调动医务人员积极性。2017年底前完成对贫困地区乡村医生的轮训，提\r\n高乡村医生养老待遇。鼓励和支持企业、慈善机构等社会力量参与健康扶贫。\r\n&lt;/p&gt;\r\n&lt;p&gt;\r\n	&amp;nbsp;&amp;nbsp;&amp;nbsp; \r\n会议认为，发展和应用好健康医疗大数据，是以创新推进供给侧结构性改革的重大民生工程，有利于提高健康医疗服务效率和质量，增加有效供给、满足群众需求，\r\n促进培育新业态、形成新的经济增长点。会议确定，一是按照安全为先、保护隐私的原则，优先整合利用现有资源，建设互联互通的国家、省、市、县四级人口健康\r\n信息平台，实现部门、区域、行业间数据开放融合、共建共享。二是集成医学大数据资源，构建临床决策、疾病诊断、药物研发等支持系统，拓展公共卫生监测评\r\n估、传染病疫情预警等应用。重点推进网上预约分诊、检查检验结果共享互认、医保联网异地结算等便民惠民应用，发展远程医疗和智能化健康医疗设备。三是制定\r\n完善法律法规和标准，建立健康档案等基础数据库，规范居民健康信息服务管理，严格健康医疗大数据应用准入，建设实名认证等控制系统，保护个人隐私和信息安\r\n全。\r\n&lt;/p&gt;\r\n&lt;p&gt;\r\n	&amp;nbsp;&amp;nbsp;&amp;nbsp; \r\n会议指出，加快建设国家自主创新示范区，对深入贯彻全国科技创新大会精神，实施创新驱动发展战略，推动大众创业、万众创新，发展新经济，培育新动能，具有\r\n重要意义。中关村、武汉东湖、上海张江等国家自主创新示范区设立以来，有效发挥了改革创新“试验田”作用，对区域发展产生了重要的引领示范和辐射带动效\r\n应。按照“成熟一个批准一个”的原则，会议决定，在福厦泉和合芜蚌国家高新区分别建设国家自主创新示范区，结合国家重大发展战略和区域布局，深化简政放\r\n权、放管结合、优化服务，打造科技体制改革和创新政策先行区、高端人才与“双创”结合的重要平台、新产业新业态集聚带，在升级发展上探索更多鲜活经验。\r\n&lt;/p&gt;','','');
INSERT INTO `io_content_news` VALUES('13','2','&amp;nbsp;&amp;nbsp;&amp;nbsp; 新华社北京６月８日电（记者 胡浩）８日召开的国务院常务会议部署实施健康扶贫工程，明确了提升农村贫困人口医疗保障和健康水平，补上贫困地区医疗服务“短板”的五项举措。\r\n&lt;p&gt;\r\n	&amp;nbsp;&amp;nbsp;&amp;nbsp;\r\n国务院常务会议提出，一要减轻农村贫困人口医疗负担，对参加新农合的个人缴费部分给予财政补贴，提高政策范围内住院费用报销比例，加大对大病保险的支持力\r\n度。将农村贫困人口全部纳入重特大疾病医疗救助范围。将符合条件的残疾人医疗康复项目纳入基本医保支付范围。二要对患大病和慢性病的农村贫困人口进行分类\r\n救治。三要实行农村贫困人口在县域内定点医疗机构住院先诊疗后付费，实现各类医保、救助“一站式”即时结算。四要确保每个连片特困地区县和国家扶贫开发工\r\n作重点县至少有１所县级公立医院、每个乡镇有１所标准化乡镇卫生院、每个行政村有１个卫生室。从全国遴选三级医院对这些地区的县级医院开展一对一帮扶。五\r\n要深化贫困地区公立医院改革，先行探索制定绩效工资总量核定办法，调动医务人员积极性。２０１７年底前完成对贫困地区乡村医生的轮训，提高乡村医生养老待\r\n遇。鼓励和支持企业、慈善机构等社会力量参与健康扶贫。\r\n&lt;/p&gt;\r\n&lt;p&gt;\r\n	&amp;nbsp;&amp;nbsp;&amp;nbsp; 解决因病致贫和因病返贫问题是扶贫攻坚的一大难点。国务院扶贫办建档立卡数据显示，截至２０１３年，因病致贫、因病返贫贫困户有１２５６万户，占建档立卡贫困户总数的４２．４％。在各种致贫原因中，因病致贫在各地区都排在最前面。\r\n&lt;/p&gt;\r\n&lt;p&gt;\r\n	&amp;nbsp;&amp;nbsp;&amp;nbsp; 通过基本医疗保险、大病保险、医疗救助扶助等多种保障政策的组合、叠加，构筑起多重医疗保障网，最终让贫困患者看得起病，是健康扶贫的重要举措。\r\n&lt;/p&gt;\r\n&lt;p&gt;\r\n	&amp;nbsp;&amp;nbsp;&amp;nbsp; 全省有４９３万农村贫困人口的贵州省确定了３５０万健康扶贫对象。通过实施资助参合政策、取消住院起付线政策、“三重医疗保障”托底政策，贵州省确保１１类贫困人群政策范围内医疗费用实际补偿比例达到９０％以上。\r\n&lt;/p&gt;\r\n&lt;p&gt;\r\n	&amp;nbsp;&amp;nbsp;&amp;nbsp;\r\n“开展健康扶贫，要紧紧围绕让农村贫困人口‘看得起病、看得好病、看得上病、少生病’，进一步加强统筹协调，加强资源整合力度，采取力度更大、针对性更\r\n强、作用更直接的政策举措，保障农村贫困人口享有基本医疗卫生服务，努力防止因病致贫、因病返贫。”国家卫生计生委副主任王培安说。\r\n&lt;/p&gt;\r\n&lt;p&gt;\r\n	&amp;nbsp;&amp;nbsp;&amp;nbsp;\r\n他提出，补贫困地区医疗服务“短板”，在医疗保障方面，要建立基本医疗保险、大病保险、医疗救助、疾病应急救助、商业健康保险等制度的衔接机制，发挥协同\r\n互补作用，形成保障合力，力争对贫困患者做到应治尽治；在控制医疗费用方面，要通过实施先诊疗后付费、分级诊疗、医保支付方式改革等措施，控制贫困人口大\r\n病治疗费用，有效减轻贫困人口看病就医费用负担；同时，要想方设法优化医疗资源布局，有效提升贫困地区医疗卫生服务能力，基本实现“小病不出乡、大病不出\r\n县”，方便贫困人口看病就医；要对患有大病和长期慢性病的农村贫困人口进行有效救治，做到对象精准，精准到户、到人、到具体病种，有效提升贫困地区贫困人\r\n口的健康水平；要深入开展爱国卫生运动，改善贫困地区环境卫生，加强健康促进和健康教育，广泛宣传居民健康素养基本知识和技能，引导重点人群改变不良生活\r\n习惯，形成健康生活方式，力争让农村贫困人口少生病。\r\n&lt;/p&gt;\r\n&lt;p&gt;\r\n	&amp;nbsp;&amp;nbsp;&amp;nbsp; \r\n据了解，国家卫计委明确，对建档立卡贫困人口实行“两提高、两降低”倾斜政策，即提高新农合门诊报销水平，政策范围内住院费用报销比例提高５个百分点以\r\n上，降低病残儿童、重度残疾人以及大病保险报销起付线，降低农村贫困人口大病费用个人实际支出，切实减轻贫困家庭经济负担。选择经济负担重、社会影响大、\r\n治疗效果确切、诊疗路径清晰的９种大病实行单病种付费，控制费用总额，降低大病患者实际自付费用。\r\n&lt;/p&gt;','','');
INSERT INTO `io_content_news` VALUES('15','2','&amp;nbsp;&amp;nbsp;&amp;nbsp; \r\n为进一步核准农村贫困人口中因病致贫、因病返贫家庭数及患病人员情况，为实施健康扶贫工程奠定基础，2016年4月28日，国家卫生计生委会同国务院扶贫\r\n办在京召开建档立卡农村贫困人口“因病致贫、因病返贫”调查工作启动会，全面部署调查工作。国家卫生计生委王培安副主任、国务院扶贫办郑文凯副主任出席会\r\n议并讲话。&amp;nbsp;&lt;br /&gt;\r\n&lt;p&gt;\r\n	&amp;nbsp;&amp;nbsp;&amp;nbsp;&amp;nbsp; \r\n国务院扶贫办建档立卡数据显示，截至2013年，因病致贫、因病返贫贫困户有1256万户，占建档立卡贫困户总数的42.4%。在各种致贫原因中，因病致\r\n贫在各地区都排在最前面。因病致贫家庭是脱贫攻坚的一大难点。习近平总书记指出，要建立健全医疗保险和医疗救助制度，对因病致贫或返贫的群众给予及时有效\r\n救助。新型农村合作医疗和大病保险政策要对贫困人口倾斜，门诊统筹要率先覆盖所有贫困地区，财政对贫困人口参保的个人缴费部分要给予补贴。要把贫困人口全\r\n部纳入重特大疾病救助范围，保障贫困人口大病得到医治。要实施健康扶贫工程，保障贫困人口享有基本医疗卫生服务。李克强总理指出，对基本医保、大病保险报\r\n销之后自负部分还有困难的，加大医疗救助、临时救助、慈善救助等帮扶力度，通过多层次努力，解决好因病致贫返贫问题。要加快完成贫困地区县乡村三级医疗卫\r\n生服务网络标准化建设，推动全国三级医院与贫困县县级医院一对一帮扶，不断提高贫困地区医疗服务能力，提升贫困群众的健康水平。中共中央国务院印发的《关\r\n于打赢脱贫攻坚战的决定》明确提出，开展医疗保险和医疗救助脱贫，实施健康扶贫工程，努力防止因病致贫、因病返贫。&lt;br /&gt;\r\n&amp;nbsp;&amp;nbsp;&amp;nbsp;&amp;nbsp; \r\n为贯彻落实中共中央国务院《关于打赢脱贫攻坚战的决定》，努力防止因病致贫、因病返贫，按照精准扶贫、精准脱贫的要求，国家卫生计生委、国务院扶贫办组织\r\n开展建档立卡贫困人口“因病致贫、因病返贫”调查工作，在国务院扶贫办建档立卡农村贫困人口“因病致贫、因病返贫”数据基础上，通过卫生计生的专业技术力\r\n量，在全国28个省（区、市）有建档立卡农村贫困人口的县（市）对因病致贫、因病返贫家庭患病人员情况进行调查，核实核准患病家庭、人员和病种，建立农村\r\n贫困人口“因病致贫、因病返贫”管理数据库，为实施健康扶贫工程提供基础数据和决策依据。&amp;nbsp;&lt;br /&gt;\r\n&amp;nbsp;&amp;nbsp;&amp;nbsp;&amp;nbsp; \r\n国家卫生计生委会同人力资源社会保障部、国务院扶贫办制定了《建档立卡农村贫困人口“因病致贫、因病返贫”情况调查方案》，提出了4条调查路径，即通过建\r\n档立卡农村贫困人口“因病致贫、因病返贫”数据与新型农村合作医疗管理信息系统、国家卫生统计网络直报系统病案首页数据、居民电子健康档案比对筛查，及基\r\n层卫生计生队伍入户排查、体检或送往医疗机构检查，对经医疗机构诊疗已在新农合系统报销、经医疗机构住院诊疗未在新农合系统报销、已建立健康管理档案实际\r\n患病、无任何健康记录但实际患病的人群进行筛查，实现摸底调查的全覆盖。根据疾病可导致家庭灾难性医疗支出、严重影响劳动能力和造成主要死亡因素等情况，\r\n调查方案确定了45个重点病种，制定了重点病种分类和代码。&amp;nbsp;&lt;br /&gt;\r\n&amp;nbsp;&amp;nbsp;&amp;nbsp;&amp;nbsp; \r\n会议对因病致贫、因病返贫调查工作作出全面部署，要求各省（区、市）加强对调查工作的组织领导，明确任务分工，尽快制定实施方案，及时有序开展调查，严格\r\n把控数据质量。会议要求调查工作在2016年7月底前全部完成。国家卫生计生委、国务院扶贫办将对调查工作督促检查，确保调查工作质量。&amp;nbsp;&lt;br /&gt;\r\n&amp;nbsp;&amp;nbsp;&amp;nbsp;&amp;nbsp; \r\n国家卫生计生委王培安副主任在讲话中强调，新时期，党中央、国务院将实施健康扶贫工程列入打赢脱贫攻坚战的重要行动，是打赢脱贫攻坚战、实现农村贫困人口\r\n脱贫的重大举措。开展建档立卡贫困人口因病致贫、因病返贫情况调查是实施健康扶贫工程的必然要求，是落实健康扶贫各项政策措施的前提和基础。要求各省\r\n（区、市）要进一步增强责任感、使命感、紧迫感，将思想和行动统一到党中央、国务院关于健康扶贫工作的决策部署上来，将因病致贫、因病返贫调查工作摆上重\r\n要议事日程，加强组织领导、加大工作力度，确保圆满完成调查任务，为全面实施健康扶贫工程打好基础。国务院扶贫办郑文凯副主任要求各级扶贫部门协同卫生计\r\n生部门做好调查工作，摸清因病致贫、因病返贫家庭情况，采取一地一策、一户一档、一人一卡的措施，精确到户、精准到人，让每个贫困人口享有基本的医疗保\r\n障，有效防止因病致贫、因病返贫发生。&amp;nbsp;&lt;br /&gt;\r\n&amp;nbsp;&amp;nbsp;&amp;nbsp;&amp;nbsp; \r\n会议对省级相关工作人员开展了调查技术和软件使用培训。国家卫生计生委财务司、基层司、指导司主要负责同志和有关处室负责人，国家卫生计生委统计信息中\r\n心、人发中心、医管中心负责同志和有关处室负责同志，国务院扶贫办政策法规司、扶贫信息中心负责同志，28个省（区、市）卫生计生委、扶贫办和新疆生产建\r\n设兵团卫生局、人口计生委、扶贫办负责同志和有关处室负责同志以及相关工作人员参加了会议。\r\n&lt;/p&gt;\r\n&lt;p&gt;\r\n	&lt;br /&gt;\r\n&lt;/p&gt;','','');
INSERT INTO `io_content_news` VALUES('87','10','&lt;p&gt;\r\n	内蒙古呼和浩特卫生和计划生育委员会近日公布了关于呼和浩特地区2016年度全国卫生执业资格考试报名的通知，医学教育网整理如下：\r\n&lt;/p&gt;\r\n&lt;p&gt;\r\n	现将呼和浩特地区2016年度全国卫生执业资格考试报名相关事宜公告如下。\r\n&lt;/p&gt;\r\n&lt;p&gt;\r\n	一、报名网址：\r\n&lt;/p&gt;\r\n&lt;p&gt;\r\n	www.21wecan.com；\r\n&lt;/p&gt;\r\n&lt;p&gt;\r\n	二、报名时间：\r\n&lt;/p&gt;\r\n&lt;p&gt;\r\n	卫生专业技术资格考试网上报名时间：2016年1月15日-2月3日。\r\n&lt;/p&gt;\r\n&lt;p&gt;\r\n	三、所需材料及现场确认地址：\r\n&lt;/p&gt;\r\n&lt;p&gt;\r\n	网报后，携带2016年度卫生执业资格申报表、相关证件和复印件、医|学教育网搜集整理身份证原件及复印件到辖区（旗县区）卫生计生局进行资格审核。\r\n&lt;/p&gt;\r\n&lt;p&gt;\r\n	各旗县区卫生计生局咨询电话：\r\n&lt;/p&gt;\r\n&lt;p&gt;\r\n	新城区6218522\r\n&lt;/p&gt;\r\n&lt;p&gt;\r\n	赛罕区2282059\r\n&lt;/p&gt;\r\n&lt;p&gt;\r\n	回民区6382603\r\n&lt;/p&gt;\r\n&lt;p&gt;\r\n	玉泉区5686961\r\n&lt;/p&gt;\r\n&lt;p&gt;\r\n	托 县8516947\r\n&lt;/p&gt;\r\n&lt;p&gt;\r\n	土左旗8125192\r\n&lt;/p&gt;\r\n&lt;p&gt;\r\n	和林县7191515\r\n&lt;/p&gt;\r\n&lt;p&gt;\r\n	清水河县7912767\r\n&lt;/p&gt;\r\n&lt;p&gt;\r\n	武川县8812718\r\n&lt;/p&gt;\r\n&lt;p&gt;\r\n	呼市卫生考务培训中心联系电话：4501952\r\n&lt;/p&gt;\r\n&lt;p&gt;\r\n	联系人：王浩杰，手机15335555503\r\n&lt;/p&gt;','','');
INSERT INTO `io_content_news` VALUES('16','2','&amp;nbsp;&amp;nbsp;&amp;nbsp; 2016年3月24日，国家卫生计生委召开扶贫开发与对口支援工作领导小组会议，部署实施2016年健康扶贫工程，领导小组组长、国家卫生计生委主任李斌出席会议并讲话，领导小组副组长、国家卫生计生委副主任王培安主持会议。&lt;br /&gt;\r\n&lt;p&gt;\r\n	&amp;nbsp;&amp;nbsp;&amp;nbsp;&amp;nbsp;\r\n会议指出，党的十八大以来，以习近平同志为总书记的党中央以高度的政治感、使命感和责任感，把扶贫开发工作提升到治国理政的新高度，作为巩固党的执政基\r\n础，巩固中国特色社会主义制度的重要工作来认识和把握，从“四个全面”战略布局出发，推进实施精准扶贫方略，为全面建成小康社会奠定坚实基础。前不久，中\r\n央召开扶贫开发工作会议，对脱贫攻坚工作作出全面部署，将实施健康扶贫工程列为打赢脱贫攻坚战的七大行动之一，要求着力保障农村贫困人口享有基本医疗卫生\r\n服务，努力防止因病致贫返贫。这是新时期中央赋予卫生计生系统的一项重大政治任务。&lt;br /&gt;\r\n&amp;nbsp;&amp;nbsp;&amp;nbsp;&amp;nbsp; 会议强调，各级卫生计生部门要切实增强责任感、使命感、紧迫感，将健康扶贫工作摆到更加突出的位置，调集优势行业资源，采取更加精准有力的超常举措，确保打赢健康扶贫攻坚战，为农村贫困人口脱贫提供健康保障。&lt;br /&gt;\r\n&amp;nbsp;&amp;nbsp;&amp;nbsp;&amp;nbsp; \r\n李斌指出，2016年，要坚决贯彻党中央、国务院对健康扶贫工作的总要求，落实精准扶贫措施，确保实现“十三五”实施健康扶贫工程良好开局。对建档立卡贫\r\n困人口实行“两提高、两降低”倾斜政策，即提高新农合门诊报销水平，政策范围内住院费用报销比例提高5个百分点以上，降低病残儿童、重度残疾人以及大病保\r\n险报销起付线，降低农村贫困人口大病费用个人实际支出，切实减轻贫困家庭经济负担。选择经济负担重、社会影响大、治疗效果确切、诊疗路径清晰的9种大病实\r\n行单病种付费，控制费用总额，降低大病患者实际自付费用。实行县域内农村贫困人口先诊疗后付费结算机制。组织全国三级医院与贫困县县级医院建立稳定持续的\r\n“组团式”对口帮扶机制。组织实施农村贫困人口中“因病致贫、因病返贫”调查，进一步核实核准患病人数和患病病种。推动贫困家庭与乡村医生或乡镇卫生院医\r\n生签约服务。对贫困大病患者实行分类救治。加强传染病、地方病防治力度，加强贫困地区流动人口和留守妇女、儿童和老年人基本公共卫生计生服务工作，实施城\r\n乡环境整洁行动，加强健康教育与健康促进，从根本上改变贫困地区生产生活方式。开展人才综合培养试点工作，尽快取得可复制可推广的经验，解决人才培养瓶颈\r\n问题。研究建立贫困人口大病慈善救助平台，整合社会慈善力量，为贫困人口大病提供精准救治。&lt;br /&gt;\r\n&amp;nbsp;&amp;nbsp;&amp;nbsp;&amp;nbsp; \r\n李斌要求，将实施健康扶贫工程作为“十三五”卫生与健康规划、“十三五”深化医改规划的重点任务，并纳入委党组成员医改联系机制重点任务。“十三五”卫生\r\n计生改革发展各项规划及专业规划安排的政策、项目等都要最大限度向贫困地区贫困人口倾斜。在研究项目、制定政策、安排资金、落实工作时，都要将贫困地区和\r\n健康扶贫工作作为重点，予以倾斜支持。要加强统筹协调、考核督促等工作，保障健康扶贫工程顺利实施。&lt;br /&gt;\r\n&amp;nbsp;&amp;nbsp;&amp;nbsp;&amp;nbsp; 会议审议通过了有关健康扶贫工作配套文件。\r\n&lt;/p&gt;\r\n&lt;p&gt;\r\n	&amp;nbsp;\r\n&lt;/p&gt;','','');
INSERT INTO `io_content_news` VALUES('17','2','&lt;p&gt;\r\n	&lt;strong&gt;农牧民享医疗健康扶贫&amp;nbsp;&lt;/strong&gt; \r\n&lt;/p&gt;\r\n&lt;p&gt;\r\n	&amp;nbsp;&amp;nbsp;&amp;nbsp; 春节刚过，乌兰察布茫茫草原仍是天寒地冻，但是兴和县鄂尔栋镇农牧民张伟的心里却温暖如春：“感谢北京来的医疗队，要不是人家给免费体检，我这病还不知道要发展到什么程度”。\r\n&lt;/p&gt;\r\n&lt;p&gt;\r\n	&amp;nbsp;&amp;nbsp;&amp;nbsp;\r\n为了牲畜有草吃，牧民的生活方式是随着季节分散、游动的，但却苦了牧羊的农牧民。“小病拖、大病扛、实在不行上药房”是乌兰察布贫困农牧民的真实写照。据\r\n统计，张伟所在的兴和县有近20%的贫困农牧民属因病致贫，脱贫后又有近80%的农牧民因病返贫。要将医疗健康精准扶贫真正覆盖到这些偏远地方，确实比其\r\n他地方难度大。\r\n&lt;/p&gt;\r\n&lt;p&gt;\r\n	&amp;nbsp;&amp;nbsp;&amp;nbsp; \r\n去年10月初，在北京市支援合作办、北京市卫计委的支持下，乌兰察布在兴和县率先启动了医疗健康精准扶贫工程。项目包括重点疾病筛查、完善健康档案、完善\r\n日常监测网络建设、建立全民健康信息统计分析系统、开展重点疾病健康干预管理、开展巡诊活动、建立绿色通道、建立医疗专家远程培训指导体系和加强医疗人才\r\n培养8个方面内容。\r\n&lt;/p&gt;\r\n&lt;p&gt;\r\n	&amp;nbsp;&amp;nbsp;&amp;nbsp; 北京医疗卫生部门深入兴和县9家卫生院，针对35133名因病致贫、因病返贫人员进行医疗健康扶贫。目前已经为兴和县6917名农牧民进行了疾病筛查体检。\r\n&lt;/p&gt;\r\n&lt;p&gt;\r\n	&lt;strong&gt;11个旗县区获“一对一”支援&lt;/strong&gt;&amp;nbsp;\r\n&lt;/p&gt;\r\n&lt;p&gt;\r\n	&amp;nbsp;&amp;nbsp;&amp;nbsp;\r\n乌兰察布市丰镇市中蒙医院，是一个占地不大、外观有些破旧、仅有100多张床位的小医院，但是在周边农牧民中有着好口碑。谈到受青睐的缘由，该医院院长张\r\n续光说：“这都是沾了京蒙对口医疗帮扶的光”。因为在这家医院，农牧民用药、检查、住院，所有的服务都和北京人享受的一样。\r\n&lt;/p&gt;\r\n&lt;p&gt;\r\n	&amp;nbsp;&amp;nbsp;&amp;nbsp; \r\n2011年北京市朝阳区卫生局“包扶”该医院以来，该院新增了血透、远程诊疗、CT、糖尿病、康复5个特色专科。北京市有关帮扶单位先后投入专科建设配套\r\n经费200万元，捐助价值约470万元医疗设备，捐资15万元。朝阳区辖区内的垂杨柳、小红门等多家医院陆续派出75名医疗专家“下沉”该院坐诊指导，接\r\n诊农牧民患者近3000名。截至目前，乌兰察布市共有15家医院与北京21家医院形成对口支援和技术协作关系。\r\n&lt;/p&gt;\r\n&lt;p&gt;\r\n	&amp;nbsp;&amp;nbsp;&amp;nbsp; 去年12月，北京市11个区的卫计委与乌兰察布市11个旗县区卫计局签订了“一对一”支援与技术协作协议。首批北京市同仁医院与乌兰察布市中心医院、宣武医院与丰镇市中蒙医院已经签订了协议，拉开了北京市对乌兰察布新一轮医疗对口支援帮扶的序幕。\r\n&lt;/p&gt;\r\n&lt;p&gt;\r\n	&lt;strong&gt;打造“留得住”的北京医疗队&amp;nbsp;&lt;/strong&gt; \r\n&lt;/p&gt;\r\n&lt;p&gt;\r\n	&amp;nbsp;&amp;nbsp;&amp;nbsp; 人才培养是京蒙对口医疗帮扶工作中的一项重要组成。北京市卫生局先后三次对乌兰察布市二级以上医疗机构和公共卫生机构负责人就医院管理、综合医院重点学科建设等方面进行了集中培训。\r\n&lt;/p&gt;\r\n&lt;p&gt;\r\n	&amp;nbsp;&amp;nbsp;&amp;nbsp;\r\n北京市还为乌兰察布市各级各类医疗机构的医务工作者提供进京学习进修的机会。其中不乏北京友谊医院、北京肿瘤医院、北京妇产医院、北京安贞医院、北京积水\r\n潭医院等全国知名医院。5年来，乌兰察布市共派出医疗卫生专业技术及管理人员赴京进修学习和邀请北京医疗专家来开展培训1500多人次。这样“造血式”扶\r\n贫，为乌兰察布打造了一支“留得住”的北京医疗队。\r\n&lt;/p&gt;','','');
INSERT INTO `io_content_news` VALUES('18','32','&lt;h2&gt;\r\n	&lt;span style=&quot;font-size:16px;&quot;&gt;症状&lt;/span&gt; \r\n&lt;/h2&gt;\r\n&lt;p&gt;\r\n	心绞痛是冠状动脉供血不足，导致心肌急剧地暂时缺血与缺氧所引起的临床综合症。\r\n&lt;/p&gt;\r\n&lt;p&gt;\r\n	其发作状况一般有明显的诱因，如：情绪激动、精神紧张、过度劳累、饱餐、烟酒过度等不良生活习性。\r\n&lt;/p&gt;\r\n&lt;h2&gt;\r\n	&lt;span style=&quot;font-size:16px;&quot;&gt;急救方法&lt;/span&gt; \r\n&lt;/h2&gt;\r\n&lt;p&gt;\r\n	1、停止一切活动，平静心情，可就地站立休息，无须躺下，以免增加回心血量而加重心脏负担。&amp;nbsp;&lt;br /&gt;\r\n2、随身携带急救药物，如：硝酸甘油片一片，嚼碎后含於舌下，通常两分钟左右疼痛即可缓解。 如果效果不佳，十分钟后可再在舌下含服一片，以加大药量。注意，无论心绞痛是否缓解，或再次发作，都不宜连续含服三片以上的硝酸甘油片。&amp;nbsp;&lt;br /&gt;\r\n3、及时呼唤医疗人员救护。\r\n&lt;/p&gt;\r\n&lt;h2&gt;\r\n	&lt;span style=&quot;font-size:16px;&quot;&gt;注意事项&lt;/span&gt; \r\n&lt;/h2&gt;\r\n&lt;p&gt;\r\n	1、避免进食高脂肪、高胆固醇的食物，少量可饮啤酒、养生酒、低度酒。&amp;nbsp;&lt;br /&gt;\r\n2、多吃水果、新鲜蔬菜，减少刺激性饮食。适当喝食用醋，以软化血管，减少心绞痛发作。伴有心绞痛的冠心病患者，应适当休息，减轻工作量，如发生心肌梗塞，立即住院治疗。&amp;nbsp;&lt;br /&gt;\r\n3、初发心绞痛的患者，往往未随身携带急救药物，避免情绪慌乱，及时到医院救治即可。\r\n&lt;/p&gt;','','');
INSERT INTO `io_content_news` VALUES('20','32','&lt;h2&gt;\r\n	&lt;span style=&quot;font-size:16px;&quot;&gt;急救办法&lt;/span&gt; \r\n&lt;/h2&gt;\r\n&lt;p&gt;\r\n	如果你的头上起了个包，那么用冰袋敷患处可以减轻水肿。如果被砸伤后头部开始流血，处置方式和被割伤的方式一样，即用干净毛巾按压伤口止血，然后去医院缝合伤口，并检查是否有内伤。如果被砸伤者昏厥，那么需要叫救护车速送医院，一刻也不能耽搁。\r\n&lt;/p&gt;\r\n&lt;h2&gt;\r\n	&lt;span style=&quot;font-size:16px;&quot;&gt;禁止&lt;/span&gt; \r\n&lt;/h2&gt;\r\n&lt;p&gt;\r\n	不要让伤者一个人入睡。在被砸伤的24小时之内，一定要有人陪伴伤者，如果伤者入睡，那么每三个小时就要叫醒伤者一次，并让伤者回答几个简单问题，以确保伤者没有昏迷，没有颅内伤，比如脑震荡。\r\n&lt;/p&gt;\r\n&lt;h2&gt;\r\n	&lt;span style=&quot;font-size:16px;&quot;&gt;注意事项&lt;/span&gt; \r\n&lt;/h2&gt;\r\n&lt;p&gt;\r\n	当伤者出现惊厥、头晕、呕吐、恶心或行为有明显异常时，需要马上入院就医。\r\n&lt;/p&gt;','','');
INSERT INTO `io_content_news` VALUES('21','32','&lt;div&gt;\r\n	&lt;h2&gt;\r\n		症状\r\n	&lt;/h2&gt;\r\n	&lt;p&gt;\r\n		呼吸困难是指病人自觉有氧气不足或呼吸费力的感觉。而客观上，呼吸的频率、深度和节律都有所改变。\r\n	&lt;/p&gt;\r\n	&lt;h2&gt;\r\n		急救办法\r\n	&lt;/h2&gt;\r\n	&lt;p&gt;\r\n		1、一旦出现呼吸困难，应首先保持气道通畅，如有气道分泌物或异物应及时清除。&amp;nbsp;&lt;br /&gt;\r\n2、应使患者保持安静，避免情绪紧张以防加重呼吸困难。&amp;nbsp;&lt;br /&gt;\r\n3、取半卧位或坐位，减少疲劳及耗氧，此法可减轻急性心衰引起的呼吸困难。&lt;br /&gt;\r\n4、家中如果有吸氧条件，可立即给患者吸氧。\r\n	&lt;/p&gt;\r\n	&lt;h2&gt;\r\n		注意事项\r\n	&lt;/h2&gt;\r\n	&lt;p&gt;\r\n		1、肺部和支气管疾病及心脏病是引起呼吸困难的最多见原因。这些病人出现症状时应保持半坐体位，使呼吸道通畅，可服用祛痰药，但不要用镇静剂以免发生危险，有条件时可吸氧，呼吸困难一般可以改善。&amp;nbsp;&lt;br /&gt;\r\n2、如糖尿病患者发生呼吸困难，口腔呼出的气味有酸味，同时有神志方面的改变，应想到酮症酸中毒，要及时送医院治疗，不能延误。一氧化碳中毒引起的呼吸困难，应立即将病人送到室外呼吸新鲜空气，脱离中毒现场。\r\n	&lt;/p&gt;\r\n&lt;/div&gt;','','');
INSERT INTO `io_content_news` VALUES('22','32','&lt;h2&gt;\r\n	急救办法\r\n&lt;/h2&gt;\r\n&lt;p&gt;\r\n	1、让患者保持安静，取俯卧位可使腹痛减轻，可用双手适当压迫腹部使疼痛缓解。&lt;br /&gt;\r\n2、令患者平卧床上，蜷起双腿，屈膝、放松腹部，如腹部僵硬、压痛明显，则用手指压住疼痛部位，然后猛然抬手。\r\n&lt;/p&gt;\r\n&lt;h2&gt;\r\n	禁止\r\n&lt;/h2&gt;\r\n&lt;p&gt;\r\n	任何性质的腹痛都不宜进食，症状缓解后只应进流质或半流质食品，忌食辛辣食物。\r\n&lt;/p&gt;\r\n&lt;h2&gt;\r\n	注意事项\r\n&lt;/h2&gt;\r\n&lt;p&gt;\r\n	1、腹痛伴发热往往提示有感染，应及时、适量应用抗生素。&lt;br /&gt;\r\n2、腹痛剧烈而病因尚未查清前，慎用止痛剂，忌用吗啡、呱替啶之类药物。&lt;br /&gt;\r\n3、外科疾病忌用泻剂、刺激肠蠕动药物和灌肠，以免疼痛加剧和病情恶化。&lt;br /&gt;\r\n4、对於慢性间歇性发作的腹痛，不能掉以轻心，&lt;br /&gt;\r\n5、不能缓解，持续或剧烈的腹痛应住院查清病因及时治疗。\r\n&lt;/p&gt;','','');
INSERT INTO `io_content_news` VALUES('23','32','&lt;h2&gt;\r\n	急救办法\r\n&lt;/h2&gt;\r\n&lt;p&gt;\r\n	1、用稍凉的毛巾（约25℃）在额头、脸上擦拭。&amp;nbsp;&lt;br /&gt;\r\n2、将衣物解开，用温水（37℃左右）泡澡，可使皮肤的血管扩张，体热散出。每次泡澡约十至十五分钟，约四至六小时一次。&amp;nbsp;&lt;br /&gt;\r\n3、肛温38℃以上者可使用冷水枕，以利用较低的温度作局部散热。&amp;nbsp;&lt;br /&gt;\r\n4、用温水加上&amp;nbsp;&lt;br /&gt;\r\n70%的酒精，以一比一的比例稀释，稀释后的水温约为37℃至40℃，再擦拭四肢及背部。\r\n&lt;/p&gt;\r\n&lt;h2&gt;\r\n	注意事项\r\n&lt;/h2&gt;\r\n&lt;p&gt;\r\n	1、卧床休息：发烧时请卧床休息，以利於恢復体力，早日康復。补充水分。发烧时体内水分的流失会加快，因此宜多饮用开水、果汁、不含酒精或咖啡因的饮料。&amp;nbsp;&lt;br /&gt;\r\n2、避免穿过多的衣服或盖厚重的棉被，因为这会使身体不易散热，加重发烧的不适。&amp;nbsp;&lt;br /&gt;\r\n3、定期服药：遵照医生嘱咐，定时定量服用药物。\r\n&lt;/p&gt;\r\n&lt;p&gt;\r\n	&lt;br /&gt;\r\n&lt;/p&gt;','','');
INSERT INTO `io_content_news` VALUES('88','10','&lt;p&gt;\r\n	内蒙古赤峰市卫生与计划委员会于近日公布了关于组织2016年度卫生专业资格考试报名、审核工作的通知，医学教育网整理如下：\r\n&lt;/p&gt;\r\n&lt;p&gt;\r\n	各旗县区卫生计生局、市直各相关医疗卫生单位：\r\n&lt;/p&gt;\r\n&lt;p&gt;\r\n	根据内蒙古自治区卫生和计划生育委员会卫生考务中心安排，为做好我市2016年度卫生专业资格考试及考务工作，根据我市具体情况，现将相关工作安排如下：\r\n&lt;/p&gt;\r\n&lt;p&gt;\r\n	一、报名信息管理工作\r\n&lt;/p&gt;\r\n&lt;p&gt;\r\n	（一）报名时间\r\n&lt;/p&gt;\r\n&lt;p&gt;\r\n	自\r\n2016年1月15日至2月3日，为考生网上报名时间。考生自行登录中国卫生人才网（http://www.21wecan.com），根据报名须知在网\r\n上填写个人报名信息，并打印《卫生专业技术资格考试申报表》。 考试报名公告已在红山晚报、赤峰市卫计委网站登出 （附件3） .\r\n&lt;/p&gt;\r\n&lt;p&gt;\r\n	（二）资格确认及审核\r\n&lt;/p&gt;\r\n&lt;p&gt;\r\n	网上报名完毕的考生须到所属旗县区卫计局进行报名资格确认。市直及相关医疗卫生单位须到市卫计委进行确认。经网上确认后报名结果方可生效。各报名点需登录中国卫生人才网（http://www.21wecan.com）的考试系统管理员入口对考生进行网上报名资格确认。\r\n&lt;/p&gt;\r\n&lt;p&gt;\r\n	报名确认及资格初审时考生须提供：\r\n&lt;/p&gt;\r\n&lt;p&gt;\r\n	1.《2016年卫生专业技术资格考试申报表》一份。\r\n&lt;/p&gt;\r\n&lt;p&gt;\r\n	2.\r\n毕业证及复印件各一份3.身份证（长期有效）或军官证复印件各一份4.资格证原件及复印件5.执业证原件及复印件6.考生登陆赤峰市卫生局网站\r\n（http://www.nmcfws.gov.cn）下载、填写《卫生专业技术资格考试考生登记表》（附件1），并用A4纸打印。附备用近期免冠彩色小\r\n二寸照片三张（白色背景，照片背面要填写考生姓名、旗县区）。\r\n&lt;/p&gt;\r\n&lt;p&gt;\r\n	7.经初审合格后，报名点须在考生材料中的复印件上加盖公章并签“属实”字样。\r\n&lt;/p&gt;\r\n&lt;p&gt;\r\n	8.各报名点在审核考生信息时要注意修改不符合要求的考生信息。工作单位名称前面必须要填写旗县区，前面不再要加“内蒙古自治区赤峰市”等字样。\r\n&lt;/p&gt;\r\n&lt;p&gt;\r\n	（三）审核资格时间安排\r\n&lt;/p&gt;\r\n&lt;p&gt;\r\n	各\r\n报名点于1月16日-2月4日进行网上确认，将考生报考材料收齐，等候审核通知。审核时需提供考生花名册（花名册考生顺序要和计算机中确认的考生名单顺序\r\n一致，按照士、师、中级顺序在网上确认），考生报名材料顺序须和考生花名册姓名顺序一致。报考资格经考区资格审核完毕后，不允许再更改报考专业、科目。\r\n&lt;/p&gt;\r\n&lt;p&gt;\r\n	市直单位现场确认时间： 2015年1月25-26日（注：学院附属医院25日，市医院26日，其余各市直医疗卫生单位根据时间自行安排）\r\n&lt;/p&gt;\r\n&lt;p&gt;\r\n	二、网上缴费\r\n&lt;/p&gt;\r\n&lt;p&gt;\r\n	2016年卫生技术资格考试继续执行网上缴费，缴费时间：2016年1月16日至2月6日。过期未交费的考生视为自动放弃报考。\r\n&lt;/p&gt;\r\n&lt;p&gt;\r\n	三、准考证打印\r\n&lt;/p&gt;\r\n&lt;p&gt;\r\n	自2016年4月26日起，通过资格审核的考生自行登录中国卫生人才网（http://www.21wecan.com）打印准考证，截止时间为5月22日，旗县区卫计局及市直各医疗卫生单位负责通知考生。\r\n&lt;/p&gt;\r\n&lt;p&gt;\r\n	请各单位认真学习卫生专业技术资格考试的相关文件，深刻领会文件精神，向广大考生宣传好文件精神，做好2016年度卫生专业技术资格考试的报名组织、宣传、咨询等工作。\r\n&lt;/p&gt;\r\n&lt;p&gt;\r\n	附件：\r\n&lt;/p&gt;\r\n&lt;p&gt;\r\n	1.卫生专业技术资格考试登记表.doc\r\n&lt;/p&gt;\r\n&lt;p&gt;\r\n	2.2016年度卫生专业技术资格考试（此页为考生档案袋封皮，打印好后粘贴在考生档案袋上）.doc\r\n&lt;/p&gt;\r\n&lt;p&gt;\r\n	3.赤峰市2016年度卫生专业技术资格考试公告.doc\r\n&lt;/p&gt;','','');
INSERT INTO `io_content_news` VALUES('89','10','&lt;p&gt;\r\n	根据国家卫生计生委人才交流服务中心《关于2016年卫生专业技术资格考试考务工作安排的通知》（卫人才发【2016】第4号）文件精神，为做好2016年度卫生专业技术资格考试（以下简称考试）考务工作，现将有关事项通知如下：\r\n&lt;/p&gt;\r\n&lt;p&gt;\r\n	一、报名管理\r\n&lt;/p&gt;\r\n&lt;p&gt;\r\n	（一）\r\n报名方式和时间：考试报名包括网上报名和现场确认两个阶段。2016年1月15日-2月3日，考生可登录中国卫生人才网\r\n（www.21wecan.com），进行网上预报名。各考点、报名点可根据具体情况选择在2016年1月16日-2月4日期间进行现场确认工作，考生须\r\n持申报表（附件1）、本人身份证、毕业证或学位证、低一级专业技术资格证书或执业（助理）医师资格证书等（因工作岗位变动，须提交单位出具的“”从事现专\r\n业岗位工作满2年“”的证明；已通过部分科目考试的人员，报名时须提交网上打印的2015年度卫生专业技术资格考试成绩单）；2012年以后毕业的医学本\r\n科及以上学历毕业生须提交《住院医师规范化培训合格证书》复印件一份医学教|育网搜集整理。（《全国卫生专业技术资格考试北京考区考点一览表》见附件2）\r\n&lt;/p&gt;\r\n&lt;p&gt;\r\n	（二）资格审核：考点审核考生报名资格的时间为2月5日-3月15日。\r\n&lt;/p&gt;\r\n&lt;p&gt;\r\n	（三）报考信息修改：各考点登录考务管理系统完成登记、审核考生报考专业和科目修改的截止时间为3月15日。\r\n&lt;/p&gt;\r\n&lt;p&gt;\r\n	（四）考场编排：考点编排考场、试室和考生座位及中心审核考场编排的截止时间为3月25日。\r\n&lt;/p&gt;\r\n&lt;p&gt;\r\n	二、考试收费\r\n&lt;/p&gt;\r\n&lt;p&gt;\r\n	根据国家发改委、财政部、北京市发改委等有关部门文件精神，北京市卫生专业技术职务任职资格考试报名费调整后均为50元/科次。\r\n&lt;/p&gt;\r\n&lt;p&gt;\r\n	本年度，北京考区仍采取网上支付收缴考生考试费，各考点须提前告知考生在现场确认后要通过网上支付的方式缴纳考试费。网上缴费的起止时间为1月16日-2月6日，逾期未缴费的考生视为放弃报名。\r\n&lt;/p&gt;\r\n&lt;p&gt;\r\n	三、准考证发放工作\r\n&lt;/p&gt;\r\n&lt;p&gt;\r\n	自\r\n4月26日起，考生可登录中国卫生人才网（www.21wecan.com）打印准考证，截止时间为5月22日。对于无条件打印准考证的考生，考点可采用\r\n批量打印准考证功能为考生打印准考证；中心将于5月6日前向各考点发放用于监考的《考生签到表、试卷答题卡回收确认单》。\r\n&lt;/p&gt;\r\n&lt;p&gt;\r\n	四、考试试卷交接工作\r\n&lt;/p&gt;\r\n&lt;p&gt;\r\n	（一）考点在4月15日前确定试卷接收人员，并将接收人员名单、联系电话及考点办公室设置情况报我中心。\r\n&lt;/p&gt;\r\n&lt;p&gt;\r\n	（二）考点在5月4日-13日之间，通过考务管理系统打印《试卷交接单》，用于试卷清点与交接。\r\n&lt;/p&gt;\r\n&lt;p&gt;\r\n	（三）国家卫生计生委人才交流服务中心在5月4日-13日之间组织发放试卷，考点须严格按照《试卷交接单》，与中心和押运人员一起逐个开箱检查，核对试卷袋数，并严格按照考务规则履行交接程序，严格落实保密措施，确保试卷万无一失医学教|育网搜集整理。\r\n&lt;/p&gt;\r\n&lt;p&gt;\r\n	五、考试实施筹备\r\n&lt;/p&gt;\r\n&lt;p&gt;\r\n	（一）考试实施前，考点要根据有关要求，认真做好应急预案。在组织实施考试工作中，要按照考务规则明确的责权，积极做好考试准备工作，并于4月15日前将《考点考试办公室设置一览表》和《试卷交接人员信息登记表》报我中心。\r\n&lt;/p&gt;\r\n&lt;p&gt;\r\n	（二）考点须对考务人员、监考人员和巡考人员进行认真培训，使他们了解有关规定，掌握考试专业分类，掌握考试工作程序。\r\n&lt;/p&gt;\r\n&lt;p&gt;\r\n	（三）考试实施前，考点须通过报名信息管理系统打印《考试试室编排表》、《考试试室座位安排表》、《座位贴》，分别用于标识考场、试室及座位，并张贴在醒目位置。\r\n&lt;/p&gt;\r\n&lt;p&gt;\r\n	（四）考试实施期间，参与考试工作的人员必须遵守国家保密法的有关规定，严格按照考务规则履行主考、监考、巡考等工作职责，维护考场秩序，杜绝发生错发考生试卷、漏收考生试卷和答题卡的情况。\r\n&lt;/p&gt;\r\n&lt;p&gt;\r\n	请各考点严格按照《考务工作计划安排表》（见附件3）规定的时间要求，按时完成有关考务工作，确保考试工作万无一失。\r\n&lt;/p&gt;\r\n&lt;p&gt;\r\n	六、考试专用物品的回收\r\n&lt;/p&gt;\r\n&lt;p&gt;\r\n	（一）纸笔考试\r\n&lt;/p&gt;\r\n&lt;p&gt;\r\n	1、\r\n根据《国家医学统一考试安全保密工作管理办法实施意见》（卫办发〔2009〕65号）的有关规定，备用试卷启封后，剩余的备用试卷和替换回的问题试卷，均\r\n应当在考点主考的监督下回封至已启用的备用试卷袋内，并填写《备用试卷回收单》。考试结束后，须将已启封和未启封的备用试卷袋，核查清点无误后，与回收的\r\n答题卡一起于考试当日运抵考区。\r\n&lt;/p&gt;\r\n&lt;p&gt;\r\n	2、回收的答题卡须放置于防潮袋中，再封装于答题卡回收袋内；纸笔考试结束后，考点须将答题卡回收袋按考场、试室的顺序分科目整理捆绑后回收装箱（请用试卷专用箱，各科目不得混装）。\r\n&lt;/p&gt;\r\n&lt;p&gt;\r\n	（二）人机对话考试\r\n&lt;/p&gt;\r\n&lt;p&gt;\r\n	1、\r\n每批次考试结束后，考点、机考机构将考生的答题卡信息备份光盘，备用光盘，USBKEY（第二批次回收）及装订成册的考场情况记录单等人机对话考试专用物\r\n品按照考场顺序封装（物品清单和封装要求在考务系统中下载），在考后当日须认真清点核对各类物品，严格履行交接手续后交由考区巡考员带回至考区。\r\n&lt;/p&gt;\r\n&lt;p&gt;\r\n	2、每批次考试结束24小时内，在得到考区确认上传数据完整无误的通知后，各考点、机考机构务必监督人机对话考试机构系统管理员删除所有考试相关数据。\r\n&lt;/p&gt;\r\n&lt;p&gt;\r\n	七、读卡评分及违纪处理\r\n&lt;/p&gt;\r\n&lt;p&gt;\r\n	（一）国家卫生计生委人才中心将在考试结束后实行集中统一读卡。\r\n&lt;/p&gt;\r\n&lt;p&gt;\r\n	（二）为确保读卡评分工作的顺利进行，各考点须在6月3日前将考生数据修正信息报考区。\r\n&lt;/p&gt;\r\n&lt;p&gt;\r\n	（三）\r\n各考点须在规定的时间内完成对违纪情况的处理，即各考点自5月23日起，将违纪人员信息录入考务管理系统，考区将在6月3日之前完成考务管理系统中本考区\r\n内违纪人员处理情况的审核，并将违纪人员处理意见以正式文件上报至我中心。为确保上报文件中的违纪考生信息与考务系统内信息的一致性，务请各考点认真核实\r\n违纪人员信息。\r\n&lt;/p&gt;\r\n&lt;p&gt;\r\n	八、成绩发布及成绩单打印\r\n&lt;/p&gt;\r\n&lt;p&gt;\r\n	国家卫生计生委人才中心将于考后2个月在中国卫生人才网（www.21wecan.com）公布考试成绩，考生可凭本人准考证号和有效证件号进行成绩查询和成绩单打印，下载打印成绩单的截至时间为11月30日。\r\n&lt;/p&gt;\r\n&lt;p&gt;\r\n	九、保密要求\r\n&lt;/p&gt;\r\n&lt;p&gt;\r\n	各考点应根据有关保密要求，严格落实保密措施，强化安全保密流程控制，加强试卷（含备用卷）、人机对话考试专用物品和答题卡的运送、保管、下发、回收等重点环节的管理，并切实加强对涉密人员的保密教育。\r\n&lt;/p&gt;\r\n&lt;p&gt;\r\n	十、人机对话考试考务工作\r\n&lt;/p&gt;\r\n&lt;p&gt;\r\n	本年度人机对话考试的各专业具体时间以及其他相关的考务工作安排将另行通知。\r\n&lt;/p&gt;\r\n&lt;p&gt;\r\n	十一、军队卫生人员相关考务工作安排\r\n&lt;/p&gt;\r\n&lt;p&gt;\r\n	（一）军队卫生人员报名及资格审核：不实行网上报名，由团级以上单位负责军队卫生人员的报名组织工作；师以上单位负责对军队卫生人员的报考资格进行审核。\r\n&lt;/p&gt;\r\n&lt;p&gt;\r\n	（二）军队卫生人员报考数据交接：团级以上单位派干部持介绍信在2月22日-29日期间，到所在的考点办理军队考生报考数据的交接和考试费用的缴纳。\r\n&lt;/p&gt;\r\n&lt;p&gt;\r\n	（三）准考证打印：各考点须于4月28日-5月10日期间负责打印本地区军队人员准考证，并通知军队单位在考前集体领取准考证。\r\n&lt;/p&gt;\r\n&lt;p&gt;\r\n	（四）成绩发布：军队卫生人员考试成绩不对社会公布，成绩通知及查询由全军考试中心负责医学教|育网搜集整理。\r\n&lt;/p&gt;\r\n&lt;p&gt;\r\n	各考点须按《卫生部人才交流服务中心关于军队人员参加2012年度卫生专业技术资格考试考务工作计划的通知》（卫人才发〔2011〕172号）文件要求，认真履行工作职责，做好数据交接、考场编排、考试实施等工作。\r\n&lt;/p&gt;\r\n&lt;p&gt;\r\n	十二、其他\r\n&lt;/p&gt;\r\n&lt;p&gt;\r\n	对考务工作中所涉及的相关材料，考点须在规定的时间内登陆考务管理系统，在文件下载专区进行下载。\r\n&lt;/p&gt;\r\n&lt;p&gt;\r\n	务请各考点严格按照《考务工作计划安排表》（附件3）规定的时间要求，按时完成有关考务工作，落实岗位工作责任制，切实做好2016年度卫生专业技术资格考试的安全保密工作，确保考试工作顺利进行。\r\n&lt;/p&gt;\r\n&lt;p&gt;\r\n	联系电话：82083208、82082627（传真）\r\n&lt;/p&gt;\r\n&lt;p&gt;\r\n	&lt;br /&gt;\r\n&lt;/p&gt;\r\n&lt;p&gt;\r\n	附件：\r\n&lt;/p&gt;\r\n&lt;p&gt;\r\n	1.2016年度卫生专业技术资格考试申报表.doc\r\n&lt;/p&gt;\r\n&lt;p&gt;\r\n	2.北京考区考点一览表.doc\r\n&lt;/p&gt;\r\n&lt;p&gt;\r\n	3.《考务工作计划安排表》.doc\r\n&lt;/p&gt;','','');
INSERT INTO `io_content_news` VALUES('90','10','&amp;nbsp;&amp;nbsp;&amp;nbsp; \r\n为保障2016年医师资格考试报名信息准确，以利统计分析和资格确认，经医师资格考试委员会办公室（以下简称医考办）研究，决定自2016年起，网上报名\r\n系统中将关闭工作单位和毕业学校手工录入功能，请考生在网上报名时仔细查找系统中提供的工作单位和毕业学校，确认无误后予以选填。对系统中尚未收录的工作\r\n单位和毕业学校，考生可登陆国家医学考试网在线申报系统，按系统提示进行确认、填写有关信息，并根据要求上传扫描材料。\r\n&lt;p&gt;\r\n	&amp;nbsp;&amp;nbsp;&amp;nbsp; 申请添加工作单位时，考生须上传该单位的组织机构代码证、医疗机构执业许可证的扫描件，没有医疗机构许可证可上传单位法人证书扫描件。申请信息提交后，请主动联系该工作单位所在地的考点审核，考点审核通过后考生即可在报名系统中找到添加的工作单位。\r\n&lt;/p&gt;\r\n&lt;p&gt;\r\n	&amp;nbsp;&amp;nbsp;&amp;nbsp;\r\n申请添加毕业学校时，考生须上传该校毕业证书扫描件（持国外或台湾地区医学学历报考的考生，另须提供教育部留学服务中心出具学历认证证书扫描件）。申请信\r\n息提交后，请主动联系该学校所在地的考区审核（持国外或台湾地区医学学历报考的考生请主动联系报名所在地的考区审核）。考区审核通过后考生即可在报名系统\r\n中找到添加的毕业学校。\r\n&lt;/p&gt;\r\n&lt;p&gt;\r\n	&amp;nbsp;&amp;nbsp;&amp;nbsp;&amp;nbsp;上述两项申请工作将常年开展，请考生合理安排时间，确保考试网上报名成功。\r\n&lt;/p&gt;','','');
INSERT INTO `io_content_news` VALUES('91','10','&amp;nbsp;&amp;nbsp;&amp;nbsp; 根据2016年医师资格考试工作安排，自即日起开始医师资格考试考生网上试报名。一旦网上正式报名开始后，试报名信息将直接转入正式报名库中。\r\n&lt;p&gt;\r\n	&amp;nbsp;&amp;nbsp;&amp;nbsp; 试报名期间，考生如发现报名操作技术问题，请发送邮件至support@nmec.org.cn进行反馈，问题描述请尽量详细并截图说明，中心将不断完善系统，为考生顺利报名提供服务。\r\n&lt;/p&gt;\r\n&lt;p&gt;\r\n	&amp;nbsp;&amp;nbsp;&amp;nbsp; 提请考生注意：在正式网上报名期间，考生需再次登陆报名系统，并根据2016年考试公告内容，及时调整、核对填报信息。同时，查看报名考区、考点发布的考试信息，确认报名信息准确后，打印《医师资格考试网上报名成功通知单》。\r\n&lt;/p&gt;\r\n&lt;p&gt;\r\n	&amp;nbsp;&amp;nbsp;&amp;nbsp; 如遇到遗忘密码、找不到考生本人工作单位、毕业院校等报名问题，请在国家医学考试网中搜索相关通知和解决办法。\r\n&lt;/p&gt;','','');
INSERT INTO `io_content_news` VALUES('97','33','&lt;p&gt;\r\n	花生被民间成为“长寿果”，说明多吃花生有益健康。花生的功效与作用被人们所熟知，不过你知道花生和什么一起吃又美味又营养吗？在这里，为大家介绍一下花生和什么食物是黄金搭档吧。\r\n&lt;/p&gt;\r\n&lt;p&gt;\r\n	&lt;img style=&quot;width:296px;height:207px;&quot; src=&quot;http://img3.imgtn.bdimg.com/it/u=2500342657,3518750064&amp;amp;fm=21&amp;amp;gp=0.jpg&quot; class=&quot;main_img img-hover&quot; /&gt;\r\n&lt;/p&gt;\r\n&lt;p&gt;\r\n	&lt;strong&gt;花生的7大功效&lt;/strong&gt;\r\n&lt;/p&gt;\r\n&lt;p style=&quot;font-size:14px;font-family:宋体;color:#333333;background-color:#FFFFFF;&quot;&gt;\r\n	控制食欲：花生是“高饱腹感”食物，能让你感觉更饱，或者饱的时间更长。\r\n&lt;/p&gt;\r\n&lt;p style=&quot;font-size:14px;font-family:宋体;color:#333333;background-color:#FFFFFF;&quot;&gt;\r\n	有助减盐：咸味花生不但能满足你吃咸的爱好，还不容易导致摄入过量食盐。\r\n&lt;/p&gt;\r\n&lt;p style=&quot;font-size:14px;font-family:宋体;color:#333333;background-color:#FFFFFF;&quot;&gt;\r\n	稳定血糖：研究发现，如果把饮食中的一份红肉换成花生，患糖尿病的风险会降低21%。花生会减缓碳水化合物的吸收。如果早上吃点花生，那么你一天的血糖都不会过高。\r\n&lt;/p&gt;\r\n&lt;p style=&quot;font-size:14px;font-family:宋体;color:#333333;background-color:#FFFFFF;&quot;&gt;\r\n	保持心脏健康：吃花生最多的人，患冠心病的风险能减少35%。花生含有的某些成分能降低低密度脂蛋白（坏胆固醇）的含量，让心脏更加健康。\r\n&lt;/p&gt;\r\n&lt;p style=&quot;font-size:14px;font-family:宋体;color:#333333;background-color:#FFFFFF;&quot;&gt;\r\n	减少患癌风险：研究发现，每周至少吃两次花生的女性，患结肠癌的风险能降低58%；而每周至少吃两次花生的男性，能降低27%的风险。\r\n&lt;/p&gt;\r\n&lt;p style=&quot;font-size:14px;font-family:宋体;color:#333333;background-color:#FFFFFF;&quot;&gt;\r\n	花生中含有“白藜芦醇”。这种物质有很强的生物活性，不仅能抵御癌症，还能抑制血小板凝聚，防止心肌梗死与脑梗塞。\r\n&lt;/p&gt;\r\n&lt;p style=&quot;font-size:14px;font-family:宋体;color:#333333;background-color:#FFFFFF;&quot;&gt;\r\n	每100克花生还含有锌8.48毫克，能增强免疫功能，延缓衰老。\r\n&lt;/p&gt;\r\n&lt;p style=&quot;font-size:14px;font-family:宋体;color:#333333;background-color:#FFFFFF;&quot;&gt;\r\n	那么，花生和什么搭配吃最好呢？\r\n&lt;/p&gt;\r\n&lt;img style=&quot;width:248px;height:186px;&quot; src=&quot;http://img5.imgtn.bdimg.com/it/u=1770726139,1884954544&amp;amp;fm=21&amp;amp;gp=0.jpg&quot; class=&quot;main_img img-hover&quot; /&gt;\r\n&lt;p&gt;\r\n	&lt;br /&gt;\r\n&lt;/p&gt;\r\n&lt;p&gt;\r\n	&lt;strong&gt;花生和什么一起吃最好&lt;/strong&gt;\r\n&lt;/p&gt;\r\n&lt;p style=&quot;font-size:14px;font-family:宋体;color:#333333;background-color:#FFFFFF;&quot;&gt;\r\n	花生+芹菜：菜具有清热、平肝、明目和降血压的作用。花生具有止血、润肺、和胃、降血压、降胆固醇等作用。常吃花生可改善脑血管循环、延缓衰老。二者配伍适合高血压、高脂血症、动脉血管粥样硬化等患者食用。\r\n&lt;/p&gt;\r\n&lt;p style=&quot;font-size:14px;font-family:宋体;color:#333333;background-color:#FFFFFF;&quot;&gt;\r\n	花生+红葡萄酒：红葡萄酒中含有气皮酮与阿司匹林等有益成分， 前者属于抗氧化剂， 后者有防止血栓的作用。两者结合可保心脏血管畅通无阻，再吃花生米可大大降低心脏病的发病率。\r\n&lt;/p&gt;\r\n&lt;p style=&quot;font-size:14px;font-family:宋体;color:#333333;background-color:#FFFFFF;&quot;&gt;\r\n	花生+毛豆/花生+啤酒：这种搭配方法卵磷脂的含量极高， 而卵磷脂进入胃肠道后被分解成胆碱， 迅速经小肠黏膜吸收进入血液再入脑， 发挥健脾益智的作168 用。补充卵磷脂后记忆力与智力都有明显提高。\r\n&lt;/p&gt;\r\n&lt;img style=&quot;width:400px;height:192.308px;&quot; src=&quot;http://img1.imgtn.bdimg.com/it/u=2336490922,3173551657&amp;amp;fm=21&amp;amp;gp=0.jpg&quot; class=&quot;main_img img-hover&quot; /&gt;\r\n&lt;p&gt;\r\n	&lt;br /&gt;\r\n&lt;/p&gt;\r\n&lt;p&gt;\r\n	&lt;strong&gt;花生的选购和储存&lt;/strong&gt;\r\n&lt;/p&gt;\r\n&lt;p style=&quot;font-size:14px;font-family:宋体;color:#333333;background-color:#FFFFFF;&quot;&gt;\r\n	如果买的是带壳花生，应选外壳纹路清楚而深、颗粒形状饱满；如果是不带壳的干花生仁，要挑豆粒完整、表面光润、没有外伤与虫蛀或白细粉。\r\n&lt;/p&gt;\r\n&lt;p style=&quot;font-size:14px;font-family:宋体;color:#333333;background-color:#FFFFFF;&quot;&gt;\r\n	先将购买回的花生米晒4至5天，用清水淘净，再放入开水中浸烫，15至20分钟后捞出，趁热与细盐和玉米面搅拌均匀，然后再晒2至3天，晒到一咬即断为宜，然后用塑料袋装起来，可长时间不发霉、不变色、不走油。\r\n&lt;/p&gt;\r\n&lt;p style=&quot;font-size:14px;font-family:宋体;color:#333333;background-color:#FFFFFF;&quot;&gt;\r\n	在吃花生时可以同时吃以上几种食物来搭配哦。\r\n&lt;/p&gt;\r\n&lt;p&gt;\r\n	&lt;br /&gt;\r\n&lt;/p&gt;','','');
INSERT INTO `io_content_news` VALUES('100','33','&lt;p&gt;\r\n	导读: 在有些水果刚买来或刚摘下来时并不是最好吃的。这是因为，有些水果一旦成熟就迅速地彻底变软，没法运输和贮藏，所以它们必须在没有充分成熟前，以“硬邦邦”的状态摘下来，才能被安全地运到超市里。跟其他水果相比，这些水果需要一个“后熟”的过程。……\r\n&lt;/p&gt;\r\n&lt;p align=&quot;center&quot;&gt;\r\n	&amp;nbsp; &amp;nbsp; &amp;nbsp; &amp;nbsp; &amp;nbsp; &amp;nbsp;&lt;img style=&quot;width:228px;height:176px;&quot; src=&quot;data:image/jpeg;base64,/9j/4AAQSkZJRgABAQAAAQABAAD/2wBDAAgGBgcGBQgHBwcJCQgKDBQNDAsLDBkSEw8UHRofHh0aHBwgJC4nICIsIxwcKDcpLDAxNDQ0Hyc5PTgyPC4zNDL/2wBDAQkJCQwLDBgNDRgyIRwhMjIyMjIyMjIyMjIyMjIyMjIyMjIyMjIyMjIyMjIyMjIyMjIyMjIyMjIyMjIyMjIyMjL/wAARCADcAR0DASIAAhEBAxEB/8QAHAABAAIDAQEBAAAAAAAAAAAAAAEDAgQFBgcI/8QAORAAAgEDAgMGAwcDBAMBAAAAAAECAwQRBSESMUEGEyJRYXFCgbEUIzJSYpHRcqHBByQz4RUW8PH/xAAaAQEAAwEBAQAAAAAAAAAAAAAAAgMEAQUG/8QALxEAAgIBAwMCBQMEAwAAAAAAAAECAxEEEiEFMUETUSIyYXHRI0KhFIGRscHh8f/aAAwDAQACEQMRAD8A+/gAAAAAAAAAAAAAAAAAAAAAAAAAAAAAAEZQBINL/wAxpv3mdQtV3TxPNaK4X67m1GrTkk1OLUuTT5+xxNMYZmCMjKOgkAAAAAAAAAAAAAAAAAEAAAkAAEEZJIAGSSCQAAAAAAAAAAAAAAAAeZ7dXF3a9l7iva1+57tx71rnKDeGk+nNHpmeC7e3DuqtOwjUahTjx1I9G3yyvRfUy6u6NVTky2mO6aR82laKpazrTUZwfJPc16Wi9/BVqN1WpKGGlTb8P8GFW0uJTr07K4qKKlwSpPLin6GtSlrTzQhOotsNRaX/AOnjwnJL4Z4PWcItYkjdralr2kcbs9Yv1Gaxwq4aSfR4edj3HZLtxqL7qGoVp3NLhSlxpcafXfq+vqeDp9l9Xu5rvcRm+tSbZvW1tcaTcRpRpyq11JKVFL9mjVDWLCW7LM06I5fHB9+oV6VzRhVo1I1KclmMovKZaec7JSjbaXSs3HgaTmk+rk8y/u2ejPSoujdBSiefKO14AALiIAABIAAAAAAAAICAAJIZOSAAAABgAAAAAAAAAAAAAAAA1L3UKNlTbm8zx4YLmyFlkK4uU3hHUm3hGOp6hS06zlWnvLlCHWT8j5leXMp1atzXlmc25SbO3qVzX1C4dWtsltGK5RRwrm0q6nfW+l274alxPDl+WPNv5LJ8pqtY9beq6/l8fk3VV+mss5ulf7m3lVSWO8lhr3Jq0adtrFCq1vVi4J+vM9PqVtbWmoSs7SnGFChCFKKivJbv3PNdpc0nZyhs41OL9jPKP68oJ+6NcZbkmejtKUWos1de0+4+3W+pWds6rp0pd7w81FYecdS6xrqUY45czrq4nS4K9NZqUpcaX5vOPzWUU6eUVNKfbyQtTxlFWjajC7owqQliS3TR66zvI3EVGTxUS3Xn6ng9YsoaPXo6zpm+m3TTnBcqUn9E/wCzO1Z3Kr0YVacn6PJ6Nd1nT7tr5i/5MTj6iPWpknFoanWhhVIqa8+TOjQvKVZ4i8S8me9Rr6LuIvn2ZTKqUe5sgIG0rJAAAAAAAABAAAAAAAAAAAAAAAAAAAAABDYycTU9UfFK3t5ek5r6IzarV16avfP/ANJ11ubwi3UdWVHNK38VXrLpH+WcOblOTnUk5TfNsRWFuTyPidZr7dXLMu3hHpV1Rr7GtcpRpyk+hyuzd/Rtu1F3WrJuUbWXdbfFxLb0yb+o1nwd1TTlOeyRXp+nwtqbeE6k3mcvN/wQ0t7ol6ke/gtnXuWGT3c6tWVSe85ycm/U892njwyoRfTP0PYxgvI8t2moOve2lOHOVVL9+Y0836uWSiucG9plJ91TT/KjsKi0ka1rTUeS25HSititPLE+DVqxVLTL21qQlVs69OTnTit4Sxnij81uvmcTsnfSqUO5k8tLJ6dHGqaYtO1VXlvHFCtL7yK+CT/wzTO+U6lCX7exQoxyz0FHxJZLuBrlt6mtRlhm4pZXmTqacSufDN2yu3N91V/GuT8zfycJ5UlJPDW6OxQqqrSjNdefufSdM1bti65vlfyjJbDHKLgAesUgAAAAAEAAAAAAAAAAAAAAAAAAENhySTb2wcHUdV73NC2l4eUp+fsZdXq69NDfN/29yyutzeEZanqjk3b28tuU5r6I5MY4JSwSfDavV2aqzfN/9HpV1qtYRDeCi4rxpU3JmVWooRyzRoxdzV76f/HF+FPq/Myl8Y8ZZZbUZOTrVF45dH8K8jdhHCIhHCLCaRyTyOSyeerYuNfprmqMXP58l9Tu16ihSk/JHnNIm7jUL+45xUo04/3b/wAFkezZOpcNnfpLCRtxexrU1hL0NiKx7EYlcy6KJlCM4OEllMiLbRnH1LUUsohmLSb3Wxt0pI1ayxVT80XUpEq3tlg5JZWTYbybunVPx0/mjnyfI2LGfDcpZ57Ho6G3ZqYsz2LMWdoAH2BjAAAAAAIAAAAAAAAAAAAAGQAVVq9OhTc6klGKNe81Glapx/HU/Kny9zg3FxVuqnFVlnyS5I8nXdVr03wx5l/r7l9VEp8vsXX2o1LtuEcwo+XV+5pKKRlghnyF+osvnvseWehGKisIFc5qKb5Imc0kacuK6m4RbVNfikvojMWxjnuVy4rys4rKpR/E/P0N6EEsJbJckhTpRhFRikoroWciaWDspZ4RKSySyEtzGpLCJkO7NDVq6pW036HK7M03HS3Va3rVZz91nC+hV2lu+7tJpPdrY6ulW32bTrag1hwppNevX+5N8Vfd/wCjTjEToU87dC+JTEtRWjPIuj5IshuyqD3LY88FqZSzGtyTIpsms/CtjGluH84/abGdvQttni4pv9SKVyLKTxVi15o01SxZF/VFUlwehBBJ92eeAAAAAAQAAAAAAAAACJSSWW9jm3WrU6eY0fvJ+fRFF+pqojuseCUYSk8I36taFKDlUkoxXVnHu9WlUzC3TjH8z5v+DQr16txPiqzcn08kV4PmNb1qduYU8L+TbXp1HmXIeW8vdjGxJg2jwm23lmlEtlc6ij1MZ1OnXoipU3OWZ/KPQjy+xYl7mDUrh9Y0/wC7NmnBRSjFJJckZRilzMyaWBKWeBgxeH8iXJYK5SaOkUsmTklyNS5rYi2zOdRo4uq3qpUZbjDk8IuhA5F1nU9etbVPwKfHP+mO/wDB7KlF/ueW7KWsqzuNSqc6r7un/Sub+b+h6yCwi6/iSgvBKyXgsjHYzSfUhMyKjO2Zx5GcSvGNuhnAsiVsis90KZjUeaj9FgzitiLeZjwWdCyjvUh7opbL7VcVxTX6kaaebIr6lc1iJ6EkA+9PNAAAAAAIAAAANa6vaNtHM5b9IrmyFlka47pvCOpNvCNhvBoXWqUKGYxfeT8ly+bOXdahXusrPd0/yp8/c1cJHzur653jQv7s116bzMvuL2vcvxyxH8i5FCwRkhs+etunbLdN5ZrjFJYSMtkRxFbmkVublyKmTUSyVRLqVOUp8uRKjnmWKGDu0l2K4U0unzLUkugxhEjBFvI5DJDfmYSn0ydCQlLJrzqYeBUl6mjcXCiuZxv2LoxF1dRp03ueTuZ1tY1GnYUG1xvMpflj1ZZq2ptLghmUnskubZ3uzejS061lWrx/3dfef6V0j/8AdTVXH0YepLu+xY3tOta28LahTo0ocNOnFRivJI3FHD5GMV0LVyMyM7lkJErmYPmTxYR0hgzTyy1JRWSiG7yWNtR9y6HC3Mi0Yrd58y1LBXH0M3LbYphy8kWQ3l+hu6dHiuYPy3NFbs6ulQzOU/JYPQ6fD1NTBfUrueIM7AAPuDzgAAAAACCMks5eoaj3eaNF+PrJfD/2Z9Tqa9PW5zZKEHJ4RN9qXdN0qOHU6y6R/wCzjTbnJznJyk+bYW27MJzx1Pidbr7NVLMnx4R6NVajwg3gwclgwlUWCnilJ7cjCjQolzqJGPE5P0IVPffctUUtyWDvCK1DO7LFFRJyiG2dOZJ2QTyVuSRi6yitxkYLsrzMZVFE06lxtsVOq3u3ki2TUDZlWb5FM6qS3ZrzrY2NK4usc2c5fYsjFGzXu0k91sec1TVFGLxIp1HVFCLxL0R0dB7O1KlWGoanDxLxUqEvh8nL19OhtrpjXH1Lf8e51vBn2b0KbnHUr+H3j3o05fB6v1+h61LHQiEfQtSWDPZZK2W6RTKWRHkG8EN4MWziREycklkrT4mRJZ3b2MoKMeRJRbZ3si6HhSyZyeXtyME1wmSJ3SSWxFbRlsQ3tghsjOWVLhHDOK5Hf0ynwWqbW8nk4dGDqVIxSy28I9NSgqdOMFySwfQdCozN2PwZNTLjaWAA+oMYAAAAABx9U1WFvOVtSmu/xmX6E+XzZxo1Mvd+5xO2cXoPamhqKlU+y36arZbcVOKx9MPHow9Wo8KcJcXXbkfGdc9Z6j4u3g9TTQhsWO52Z1VjZmtUrriSW78jkvUKtxNU6Sy35HTtrd0+vFN/ik/8HjOL8mpQUS2EG34nv5Fijh7mWEkiuTbz5nexHOTPiRDkVZS3fMwdaMVzOo7gvUjCVVRe5p1LvyNadaUt2w2dUTcqXS6GtOtxGrKo2+ZHeM5gsUS/jxzMZVuFFE6qit2cvUNUpW9NyqVIxS6tkoVym8JHTdubxQT3PPXmp1KtxG2t4Tr3FTaFKmst/wAL1Zr2z1LtJculp0O6t08Tuai2XsvM93ofZ6z0Sg40Iudaf/LWnvOb9X5ehuca9L8/Mvb8nG8HO0Hsx9lnG91FwrXnOMVvCj7eb9f2PUKKSwiVhdCepistlbLdIpbyIbGTeDDO5i5YW+xyKOYJbyVSqKDe+WVVK/SP7lai5e5dGJLsWxqOctzYg9iiEcF0dyUpKCOPkujvuZZ6GKewb29WZll8sjgicnsjOKMEs8zYoUpVqsacV4pP9iyEXOSSIyaSOlpNvxSdaS2jtH3OyVUKUaNGNOPKKwWn3ei0609Kh58nlWT3yySADWQAAAAAANPUtMtdWsatneU1Uo1FunzT6NeTR5yh2B0ezp/813KEVvx1V9cHrjzXbitd23Zypc2kn91UjKrFL8cM4a/doz6iqE4NyjnBZXKSeE8HFhZWVtc1XaRl3TeIuby8Gy6iivI83YdoLe6pcXHwzjiMoNptNm09UhLZPkfB3VzVj3LB7SjlLk7Hfrh5mtVuYxbzI5U7+U/RFLrcXxFfps7hLsdCpedI8vUolVlJt8RqqTM02d24BY55RHFkxS+SOhY6ReX8s0KD4Os5eGKJQqnY9sFlknJRWWaDWXlGFSoqceKTSS6s9NPsdeSpeC7oQm/ODeDj3PYHWZOU43VtVkk+FSm1l/tsbY9J1P7olS1NL/ceS1LWFGTo0cSqvlH/AKI0zspV1etG71KpJ0ucYLbJl2V7E1Y3b1LWoJ3am2qOcqLzzfn6LkfQqdNQWCN98dP+lp3z5f4J73jJTa2dK0oRpUaap04rEYx2wXrbYmUjHO55ucvLIcsyeA5ZMMmvWuIx5czqOpF86kYLLNGrcucmlyKpVZVX6GUYpb9fMuijpZBZ/EWrbcq4lGOXtgr7yVV9VD6k3JROYybUZ8bX5fqbEXg16bwtixSM7bk8sYLsrAi8sq4s7dDOL2yd78HC+Pseg0yydCn3k195JfsvI1NJ05vFxXXrCL+p3FyPqekdPcP17Fz4/J52puz8KAAPoDISAAAAAAAACCi8taV9Z1rWvHipVoOE4+aaLwAfFdR/0/1rR9W4rCjUvrSS4YVKaXHz+JZ6eaO1YdjNaq013lKnb+tWe/7LJ9QwMGG3p9VssyNEdTOK4Pnkuw+pxXhq283/AFNf4Mf/AE/Vl8FJ+1RH0UFL6Rp37/5Jf1lh8+pdkdUk1xRpw9ZTX+DpW3Y15Tubr3jTj/lnrwdh0jTR7rP3OPV2vycu00DTrPDhbxnNfHU8T/udNRSRIbwb66oVrEFgolJy5bIeyPO6zq7c5WdpLflVqLp6Is13We4UrW2l98145L4F6ep56gsfyfPdX6rtzRS+fL/4N2l02V6k19jYpwUIpYMmzFyxH1KKtZQWW0j5Y3Yyy5swnVjBbs0J3ylnh3ZRKpKW8mTUWyWMG1WuXJ4RRvJ7mGepZGLk0sbsujDHYjkmHImdWNGHFN4XRdWcu41y1o6jV02jJVL6k0qsHsqb9fX0LKMZzk6tWXHN9ei9i2cJV/MsM4sM2lKVd8U/DBcolsZrzKXLKSRCyZnzyyRuxqYRapNo04t7G5aWtxe1FChTc31fRe7JQrlJ7YrLIyaSyzKMtz0GlaQ5cNe5i0ucab+rNnTNEpWeKlXFSv59I+x1ksH0/T+j7GrL+/t+Tz79Tn4YBLBIB9AYgAACQAAAAAAAAQAAAAAAAAAAAAcXXtYWn0VRpSX2movDn4V5naPkn+p9vLSdctNUtlNSuKcnU8bxKUMbb7Lwvl6GbWeo6ZKt4ZdQouxbjqwim+OcnKT3bkXKtCC5o8vp2tfbbWFSnGfiXx7G5mc5ZnLPsfCS001J7j28xaOnV1BYahuc+rUlW2nIhRztHY2KOn16zSp0qk3+mLZOOnfjki5pGvFJLCLoJyWTt2fZe9rYdSMaMfOb3/Y9Dp/Z60sZKcs1qi+Ka2Xsj0dP0q+18rC+pms1UI/VnmdO0W5vsSjDgp/nnsvl5nS1bQ9UtdH7vs7K3jqdWpGLurlbUYfFKK338vc9WkksE4Pf0vTaaOe79zBZqJz48H5kj2V7YWPaatcS0jUrm5c5OtVdNzVR9Xx8mn0Z9H0zTdYu7enKrpdzRm4rMJx4eH0eT6pgYQ1XTatThyeDsNTKCwjw9DsxqMvxQpU1+qefobsOyE3vUvIr+iGfqz1WCSuHRtLHus/dnXq7X5OLa9mrK33qKVeX63t+yOvTpQpRUIQjGK5KKwjMG+rT1UrFcUiiU5S+ZgAFxEAAAAAAkAAAAAAAADAwAAMDAAAwMAADAwAADma3oNh2gsHZahSdSlxKceGTjKMlyaa6nTAwOx4y0/030yxShRu7t00+U5KTfzwdu37MaVQx/tlUa61JOR2AZ/6Sjdu2rJZ6s+2TXp2NrRWKdvSj7QSLuBLlsvQyBcoxj2RBtvuQlgYJBI4MDAAAwMAADAwAAMDAAAwMAADAwAAMEYJAAAAAAAB//9k=&quot; class=&quot;main_img img-hover&quot; /&gt; \r\n&lt;/p&gt;\r\n&lt;h2&gt;\r\n	3种水果必须放几天再吃\r\n&lt;/h2&gt;\r\n&lt;p&gt;\r\n	香蕉。外皮颜色完全变黄，同时闻着有浓郁的果香，此时的香蕉最好吃。但香蕉很容易变黑，因此购买时可选择稍微生点的。一般来说，带“青肩”的香蕉在室温的条件下保存，1~2天就可以吃了。要想加速成熟，可将其与熟了的苹果放在一起。如果想存得久一点，可将其挂起来，保持通风良好，能让产生的乙烯随风散去，延缓香蕉衰老。\r\n&lt;/p&gt;\r\n&lt;p align=&quot;center&quot;&gt;\r\n	&lt;img style=&quot;width:266px;height:178px;&quot; src=&quot;data:image/jpeg;base64,/9j/4AAQSkZJRgABAQAAAQABAAD/2wBDAAgGBgcGBQgHBwcJCQgKDBQNDAsLDBkSEw8UHRofHh0aHBwgJC4nICIsIxwcKDcpLDAxNDQ0Hyc5PTgyPC4zNDL/2wBDAQkJCQwLDBgNDRgyIRwhMjIyMjIyMjIyMjIyMjIyMjIyMjIyMjIyMjIyMjIyMjIyMjIyMjIyMjIyMjIyMjIyMjL/wAARCADcAUgDASIAAhEBAxEB/8QAHAAAAQUBAQEAAAAAAAAAAAAAAAECAwQFBwYI/8QAOxAAAQQABAQEAwcDBAEFAAAAAQACAxEEEiExBRNBUQYiYXEygZEHFEJSobHBFSPRM+Hw8RZDVGJzkv/EABoBAQADAQEBAAAAAAAAAAAAAAABAgMEBQb/xAAoEQACAgEEAgICAgMBAAAAAAAAAQIRAwQSITETQQVRMnEiYTNCUoH/2gAMAwEAAhEDEQA/AO6oQhSAQhCAEIQgBCEIAQhCAEIQgBCEIAQhCAEIQgBCEIAQhCAEIQgBCEIAQhCAEIQgBCEIAQhCAEIQgBCEIAQhCAEIQgBCEqARCVCARCEIAQhCAEIQgBCEIAQhCAEIQgBCEIAQhCAEIQgBCEIAQhCAEIQgBCEIAQhCAEIQgBCEIAQhCAEIQgBCEIAQhCAEIQgBCEIAQhCAEIQgBCQkNBc40BuU2OaKUHlyNdW9FRaugPQhCkAhCEAIQhACEIQAhCEAIQhACEIQAhCEAIQhACEIQAhCEAIQhACEIQAhCEAIQhACEIQAhCEAIQhACEIQAhCEBHiII8Th3wygljxRokH5EbLkvEJuM+APF8M8+JmxvDMRbWPkdeZvVp/+Q/wV1WfH4TDtzS4iNout71+S8/4qn4LxfgmIwGJkD87bika28kg+Eg+6580YSV3yjfDGd0k2meiwmLhx2DixWHeHwytDmO7gqdcm+zjxa3h/D8Rw3iDnFsby+Ijdv5h7Xr9V78eKMASABKQRuG6KceeMo8vkS02RPhcG0hZEfiTAPflPNbruWfqrkHE8FiHFsWJjc4dLpaKcX0yksU49otoSXYsapVczBCEIAQhCAEIQgBCEIASOBLSGmjWhq6SoQHmOMeI5PDBYeKyxHDSEhmIyFtn8pAsWpfDfjHhviafEQ4NzuZC0PNig4E1p81rcV4ZhOMcMnwGOja/DzNyuzdOxHYjcLi32dMfwD7SJ+HYqZrBEJsO5xOjq1H1oFctSxz/LhnTGMckHS5R3VCg++YX/ANxF/wDsKSOaKZuaKRr292m102mc7i0PQhCkgEIQgBCEIAQhCAEIQgBCEIAQhCAEIQgBRyzxYdhfNI1jR1caVXiXFsLwuLNO/wA5BLWN1LqXgeKca4liAHvLJbOZgaA3KO2u3T19VlkyqPHs69PpJ5nfSPX43xExhbHhQ0ucfieR+1rExXEMdipec3GtMBNMAIH0o6rA++GaENEDBOX5i2Z7S2u4JPXue2yljxkk8IzYeAMIzNcCXAadq/VcsskpdnpQ0ax9IWWTlyE5SX73I0/t1VjAY7DRjNKY3uOwc2g32CpzYmR7mn7vmB2aXZdOpvW1C9kDszxBEHl4jawzGy7ttv8AJYtSvg6HDdGmY3FOXw/xfHi2wNZHM4Ocw/C83TvroV7VgZq9kdAnWhosmDhxxOV7hDTHHKfK6vc7n5JzoZsO8NvO95BYQcuQXr5SNtyPdQoPtmexdJmjJkJyOcGhxyCjVnsCkEcZmBL2Rn8uuio4vDTBrW/EHu+MNDaO9EGtenVZk/EjK37tDixI5ht7g2x7WR7+tq9UWhhcl/Fnq2cYfwmIPhlE8OwBkygnr3qv1W1g/FODnJZM7lPHfr7LmGIxUbiMjHE0QXH+OyrR4/G4eVn3WeOQAU5kzQ4Sfpp20V45ZR6E/jYZFb7O6RyMlYHxuDmnYhPXKeBeMJsG8GYkxdY82Yt+fULpuBxsPEMIzEQOtjhfsuvHlU/2eNqdJPTv+XRZQhC1OUEIVXH4+Lh+H5sgLjdNY3dxUNpK2TGLk6RZc5rG5nODQOpNLPxHGsLC05M8zugjbdnsvJcX8Q4iSTWxFZ8ocBQHcUSsiXjQjfC8mVpkdQjaS1w1/Kfl8lzT1HqJ6WL46TScj22J4vj2xHlRRh528pNfrqsaTjnEntyPxBa4a2G0CsZvG8Ux+eVxNsFOZI0VevWhf+Uk+OOKZIJ43FzvhMZAr6Xfv+6xlkb9nVj0ih3FFx3E3yO5UuKc4udoXP39KXjuK4duD+0LCzBwy4gRvcQe/lK1JsGJJckLnSENz07QleaxuF4jLxNkwwmKLmUAchNUdAudzd1RvLHGNbTpsmHjADXinUbJPZNgwr2HnwTvaS2rB6dlXinxRbnliHcl+lA91NJxmGJobkaPLqQdB3+lK8ZbjBqfS5LEPEsdgpmME0smmzjf1Wph+OY+OQDGRYd7DtygWuHyN2vKs442JjZIIg+SVxAfIdAehOqp4vjs00ZjxD5WcsnM4eXTuPc6brWM5R9h6R5HzFHS4eL4KWQx80MeNw7YH32V0EOFggg9QuMP4i5mAMrBOHvfk1AcHaXZ11r9VrcM8XY3h8kUcj2ujcQOXkFVW+h9ltHUf9Ixy/FSSuDOpIVLhnFMNxXDiXDvBNDM3qFdXSmmrR5MouLp9ghCFJAIQhACEIQAhCEAKLEzsw2Hkmke1jWtJtx0vopV5TxZj3sc2Fsg5TBme1rhZPUH5FUyS2xs1w4/JNRMHiXE5sVMGzSNfOzdrgRY/arsaLLEszm0ZmE5tMPZoA9SaVoYNzYDIGNkfduy65QRfToFA7FNghecM5rpnispjBA73fReY5u+T6DGopVFC4PAjFY2CFxiIdYLxHoNf+wAtCB45OWSNsLsxoPc5zmj1uhfoFiuxZimbKwjO0EG7AI1/VVnYmSN0sk77ccrshkuh0Gp39FKmaODn7NhkjcXjPuzOcyRjXG2/gp2gaT01KUthjik8pZmJa6ZoBJ00N75q3v9l5/+uzXK7RtxujjDW6tJFXpsTZTIsc8F7ueNKIaTeZ3cGvRWL+GRtPfIIS+OVk5bJnf94JabqhQaO3T5qL+pTQ4uLDzsEUWUjlgZmOv3/b2WFNxKN0jC9zo2luWTlNo7nUknW9E2H7xJgjipZosjn5H536jTQkbkdNOyF1iS/I1sUI5sUIMI4QEMaSI5AGONXrZo0duyoT4qQNlDZDvT3A3mPdx7mllTTtMYh5bNDbZG2SRpoddB2SuxLmeV8luYCGMeC8HXW797Q2jCkiw+d7C5r5HPHRoOwOtA9v2TI5GPeXOa5jR5v8WR+6pFxa45SBGdA+yAeuvrqoueTHkO24F6aq1F6LgxGheKYWk+U679l7Xwb4kdgJ/u8xbkJAdR0XPgXCzpVE67EKXCYkxyNcw6jb5IrXKMs+GOaDgz6TY9sjA9ptpFgpy8x4J4sOIcHbE5+aSIfoV6dd8Jbo2fIZcbxzcH6IsRM3DwPkcQKGlnqub+IOL82V7ZcWTMB/6Vimg3VjZavjXiz2TRQwyf2oH5pABYc/o0+i8DxDCnFYR07HNhLrMxLjWS7dQ66rlzT3Okex8dpUksk/ZZ+8mRoeY3vzNz234iVLMZZcRh282PDPLs5lnPmj01vevb1WGyaaTLkxMULxZHnN+hu+l+g1CZJiZh5nyzzSiNzXvdRL7PqDTtSsdp7Hj54PaYB0TpGfeo8DK+IauDRKMm9tsnTUWatLjW4XEsaBz45m5gBDEA58ZAzUALArtrS8lhMKcBwx+Jw0TiJHmN8pPwvFaF24GugH6qxN4oLIYoHwSwzNmyzt5ji2qBbr01q/RWr6Od4JOVwdmw5zZ+HyOBmw8Lba1jog6R7BXmDCLA110JoJgldiMC2aB8pYx7m0A2Ksp6n4q+VrK/rDmYt8/9OvnGxM6U5XEjzAA7HfZUpsfJjHmSQCFzdGZKJHe7PmHXXqoNI4ZHo8ZioYIQ4Yw4Z0gLHCSNxcReuUWLPv02Uc84Y2KISgRkU4ub5pC34qPwjUrzknFGB3+pKZDowDVumgNn8V7qvMYYsUcVMZoAWgl8XmN9xZFe6UXjgrs9FieIyEkR4h0UokLoZCGksPtW2+nqVmunn5csMmIjIcQTlcS0/XWyVlx4mctcGzNfnOWUEjzdQbonfet0+bE55BzH5nMblIA1clGkcajwSyz5GGM5JpBRa5wNto99k/CYgBweTKwA2QzceoPTVZ+Ikc/KxjHOJGtKvHNkmMkV5DrlzXWimi9cUe04D4gk4ZxOKYPLiHZXAii4dq9RquzYPFw47CsxEDszHC/UehXznHKQ8A+V7aLXN6i9F0j7OuM8zG/c5JDmfHVHUEiyP2P7LTFLa69M8b5TSqUfLHtHS0IQuw+eEQhCAVCEIAQhCAQkNBJ2Gq5fx7GuxE0zixo85JIB2vT3910biTyzh07hLyiG/HWwXIuJSyP4hHG9xNOLXl/cg66DpS5dS+KPU+NhcnImk4syHBiG3CQnykaU3t/zuqs+JDI2urKask9b1Xn8RirlcCfi0CndimiNrQbY2ielur/ZcO1ns+NRNJseInw8+LigbJFAzPIZHZWj/J9FkvxYadXAl5zOAFNutB6fJTwcRijgJjxb8LO0eajbXA7/APRWNicbznucMha28rxE1t+4FLSMS8E756LQnzMOR7hpmyuAILq6d1C7GNlha10becHnzWSSK09FSMr2x0XGyNW1+6jL3N85bYretloka2a7MUHY7ly542FmR7YaGw9fWr+arslkEYYw+SU+gza9Sdws5kmYgEEVrZP7q8/HyzMYJpZJMrcjGk0Gt3NV8koi/onhxk0EE8MZawSFtuaPMddr7da9k4h0eUOLQ2QXZAdXre4IVeGzVua3MDqen/P5TnChmAaLINHRVZFjdHNyl7QwWXabH+VFeV4+EkjUXt2UjxceclxfY7ailWNNF3qTqArIsmPLyGloO/S9ComynYuAG4vSk4gsY9xLHH4a33G4VVzum43pWSLJnRPs040YOPR4VxOScFuvddkxeJZgsJLiZTTI25ivmjg2LkwXF8O8ODXNkabG+6774vx8WF8NSvlMjWSNGYsGobuf4HzWuOW2LPC+SwKWog1/scy8TcYljxMpjlBmAvIw5w1/r0vX9lmy4ot4SW5Xue0AE5yARV1l6666rExuMk++NidGI358rjmu7INlWcdjDM3lYefPhY2NcdOUX2d8v4j5t+19FiontRxqEVFDsCx2NlcZhEwvbzMQ8tpsUbd7H006lQYfjc2DilxeGlh5ttiYZWZnsBs5mg6DoqLp5mwYqMubG2ZrS5sh+JoO4+YTeGRYHFSn+oYk4aCNh88bczi7oAOqsomskqbfKJcb95dGHl5cJamcGOIAJ1FjbXUhLK8MjYXZGuifl8pA13v1+ioBzI5y+J7xkf5LbTiO53ASEvxMjY2NkfO5++a819Pr1tTRazUOIjweNikfysa+mvBim8l9jpf7KnjuJTY18kr5AC+UzZWnQF24H6KrK0xSPZI0tkbpR3aoXMyl/maQ01YO/qFKS7Cq7NMYjmYSM23nlxJNnNQG1bC7u90SzHmZnurShbrCpQjIxshaQLsOA36J0LJMVNIWtc4NtzqF0FFEmlG6RuHje9maCN9uYxzWuca7qGXF/fJXYlkEeHiZTGxRknLXvqT1J7lQwyShj2iw3NkdoLr07a0hrWAOLiQTvQ0vrajoqqTtlrPzIPiYPLepq+lD1VfM1rmFoIHp0TpQWBrra7y5iB27FRMlY2V+Zl5hlaDsL6+6JEF2CXPJnfRLfKQdCQfVeh8PYt2A4phZmSOLGyM27Zjev1+i8vFOXBrnUS1tNJ39LW1hmysdh5I6yy+drb0obg+xKpJ0zHKrTi/Z9EQTMxEEc0ZtkjQ5p9CpFncCmdPwfDueAHAZSB6LRXfF2rPjpLbJoRCEKSoqEIQBSEIQGV4icG8FmtxbZAHqexXKeNPDs5kLRQJ6B16gfIfyus8fBPAsXTS4hl0BZK5DxKO3PGSxlDS2vrr2XJn/ACPY+M6f7MTE4Rhw0UjX5pA45hWxBpZ80hawvzddNNFdnldi3uiETcwc6UhhI070q7o2fdSWEOaGU4Ei2n2WNHtLnhlCV7JWtuwSdyNAFGyN0kohujt5tKUxjbka6nCt9dCb6IEpi8xAlL6Lm1v8+isQmROjdE50VtL3WLsnL6/omFwLcozE116JsjuZMZA3K1x8oA0AUjQ0NeM9uFV6j/lIQ2NmnD8oNuygAH4aA/dOa5magHNv1uv2TWhryW6ebSyapOeSaL27eUEG7pP6Juy3FIXNcQRv9dKSyP1JykXrSjYwNDWsutTQB36qQgHKQ4Edr2VQPLKa7LeU/sqzg58d5dGAWQOisHMIwa0vcqsG24i0RKGlvxgNHm2BGqquIDHAka9a2V2QULuuoKpTtLHFp3HqrxZaxmGmyzsNEvDhlNrt/wBoeJEn2d4SfmyND+W1zGmi8ltUfQELhmHa44lrL1JC7T9omHDPAfCWOBjDGU4OOo/t2L+YC0+zztS7z4v2cdlcDMMkeUEaAHNQJP6qZ89PkyShzNCXkXYFbdR+ioNk/uFxoEkk0KpWXEPysbFCHcsC2WCCOp13KM9TdY0uEj+aXxgBxAAbqLvWuyiY6EBwk5hFeUtUvMknDLzmMBrCAANQNBoEyW+XC1sOQttpdZOd17107ISpV0D8wc9zvK9wGUDTQ/7V9USMYzK0GOWz8UZP6gj9FE6N2UVmLQSBf60hwksBzidLHUFCtsc63kyE6ucbFbJocXFoa05tbI1v5JXtcA1zm1mbYI6ja0sUmRwcx3LeGkZghKY3mFwANADoAreG8gkyhwB8p6WD3VUNFAuFi9dVcY5r2nMCLN2DqemvcbKGWtlkgNiyNFOonN6qrAzmtEkj3newOnbdN5rsztixlBx21/lWGsdb8jSQyrcNQNaVeiEJGHBh5jLzt8rhoAQoif7YicNjdqcRi8xNg6D+UOEYheHMzOc2m61lN7110/dLBHFZmBHwjQeq9DgSXRxW5zwwPysaDYrUgLDjblkDYjoaPc9/4XqOEARZY8ri4uDSTtr/ACbVZGeZ0rOx+FSXcGj6NAADe2nfqttYfhKPJ4fgOXLm1rt6LcXZj/FHyGb/ACS/YISIVzIVCEIAQhCAr4+Iz8PxEQJBdGQCN1xvjD3te5uIjEZlGlNpoI9fVdr306LkvH8K2HFYiN5P9t5DSRdWaHy3C5s66Z6fxskpNM8i8vfJnaAxxvMW9WnRUJg0nltaPivNQO3Y9L/hac2HMckkZzMkbeWv2NdlVljLvhcC67AI/wCbrnPdKE80scYjkbmh1cwDpfX9FFQyukDt9KrT0V1wL2uY4CiSRpoD6KvKzluMYBojarpSiUivymgi9RWlJHRUNCDm19lMyPLRzB3TUKTl6UKIq0sNFaYUWtABsA6G9U1zXZSHCqOtKdzADRG+5TnNjt5aSW3QzDzFLJGeZoDRKZGM1b6WNVIwCrA17IYwFuWtSOisRMby1VsdCmNpa/lght6Wen/apv8AI6twtGSOMNZkJvLrZ6qnKGOjLSSH5qGmlKIsRKryTZOg6KpJTnNAIObp2Vh5OUuJOY6G+oVR7fJm7HVaxRLNPw3w92O8R4LDsGfNK26Hrqu3/aXw9+J8GTugiMkmHLDlaLtmYZtPYLw32VcEL+MR46QaMDnD/P1XYsfFz+HYqEPLDJC9ucbttp1W0FcWeDrc23PGvR8nSANmcw6BrzoDelqZkzY8U+XWYG7zk2fU+qn4phfuvEnxylrqrMWii75dFDGeSJGBttkYWvdoet/JVu0e7B2hjDb9AcxNij0SvGYuqibJPU2lZlBaSDdiyDuOyswNjbiwMpdGHVVEWPl1UNmhULHZrkOvdBjIaHF1kjUdQFfa18ETsu7mljraDoVW5UmrrBbt7JZJBE0ML33Tg3MwnrqP4TQW8sirJ/TsrDo5BWYP81EadEgga2Nz3HKdKvW/8JYIGtDviJFg3X6KdvkBa0+U9ik5ejTt3sdFN93kY8tI2HfVGywW13naMrXOIAOtV6/ypmZnurmjUW63UD2To4hDUbmeWtfNv1UzWQvOYNppOnt091Rsgha00wNc57Y2gknQNvf91HzmBro2052tPrSr3Cs8ppEss0hzUKpu57Ht1TYwWuaxrGZW6usfFrt7ImSTYWM85jS0sc3dzBqO36r0vCo+dDGBZbFiGscdycoBJ+pCxMHA107DE5o2sO0APYL2/BMFzZY4YhWZ58tUXXv+yo+Wcupmoxs6TwHD/deDYeOzq3Pr0vVaKZBE2CGOGNoaxjQ0AdAFIvQiqVHyUpbpNiIQhSVFQgoQAhCEALwnjjAFs4xAY0xzAXlGuYd/0Xull+IOHDiPC3tAJlj87KOvqPos8sd0TfTZPHlUjimIb5nV5XAXqL+SpzMBkBoNBBBI+uq1uIQv5tFutuBDdLHoVRMdtc4hxygEmjouE+oi+Co0AwuBDMp1t2pHsq3kBL4zr3Buirj2NaQWlp61/BVbKx0znBgaDpRO3fVSiyKwBJa0tIB2PRWWxjlAFgBB36qJzHscI8h1NadirGfU53F/U2f5RkshewVloA7+6bJEBQZT9AfL+x9QpvLzLynMRoSdCf8ACC0aAgu01pVsIiaXtjAcCGgEt1217KWNjjRo2ddDpSUsaNDYHc9k8EuYGWLJ06UosDXENJFWKAsdFXkcCboEN6Vup3gNAGYO0skaUqznA3RAtSkTRUnF2Q2mnVGGwxxErY2jS9+p1Ti0OBb0XpvCXCTjuIRQgeZ5oBaWZZZqEW2dW8DcMGB4I2UtAdIABX5R/uvR4mMy4WWMAEvYW0ethLBCzD4eOGMUxjQ0KRdkY1Gj5XJNzm5Hz3414I/CYyeTkygtkLQxzdmispvrY6Lx7bie0gXIDdHYD26rvv2hcIixWDZiMoa4hzXOBol1eX+dFwnFYcwSlrmnUlocdhXRc9bXtPotDm8uNNkB1A1NnVTPjdK1rQ8Bx10KQkvaxjHmQBgGo2U8bLhaR2Fk9/8ACNnoJkr3MELRJdnyuFHdRNDYzyaGuo6j01Uscr2wPizU1+4Gx9VGRRBoCjqL+pCqSiKNmKa8TlzixpADh0JUrY3SOOaMUKOu/qVYe1zomFxZVGqO3a0uGLo8pPnLSCA8XfuOo9FFgr8jMSRmq9B0TgBkpl5dzl11U84DpHv0aXn8I7pImiOIhgABBoE9f3SybELAJxnNMbofRNsOAzEOA117JokBzDI29iKA9Pmpnf3MzCwCNmpPuep/yoJHHKYyC05XMzMykaE0bPy6JYI8xZFOS1nerJv/AKTWFhjJJJa4aEdVbjjNhzIy0WBd3rW1/wAKGQ+DR4ZhxI4DIAAbJb0tdL8IYAOnErhZhGvudq+S8JweDPOxja0NWNRuL0XX+CYL7lw9jSSXu8xs/RXwx3Ss8T5PNUdv2aSEIXYeEIhKhABSJUikAhKkQAlSIQHLvFvCHYfGyRNcXB39xmlWL2XkZRJmNOL+nuu38Z4Uzi/D34dzix+7HjcH/C45xTBvwuKmhlD43tdRFCwQuHLDa/6Pf0Go8kNr7RkktNgOLTvQOqrzNGd2UuvXy0KU7n/CSNW+lqKQtLCAa9L691mj0kQFpyEgtIPQbhIHm/NudjaOaA2gATe5CjdIWx1QAv5qSxMwlztAdjsbQHgUSSQegVbPbKoWNR7JfMB6e+1pRJebmz52DbUa6hIRuALI106KDmBrcjbOb2GiYZM2pAFA/EqUVr2SOeDepAoquS06kEm9u6Rzy+3EakdqTGkl/b1KukLJoYy5woea+g2XY/s/4MYIXY6VgGmSPv6lc38McKk4pxKKCIak2T2C7zhYY8JhY4I/gYKHqtsUblb9Hj/JZ6XjXssJUzMltdR4ozEwMxWGkhf8L2lt1ZFjceq4N408NT8GxpY+pGgB2dooOG2aul0u+2sjxDwPD8c4bJBJEx0pbTHnQjW9+yzyQ3K12dej1Lwz56Z83Q5Q/QAOurBUjgGkP0yh2Ws1X60rnGeFu4Vj5sO9pa9jy0iln1zXAagHQZW2T7LnPp4SUlaEbnGpcC0miAN9dKUjo2RSAj4at1n4imNJ8uezWgFV9FPNzY25ZWljZGXRHxC/9kNbJMM5kkb7GY2C3090+2ucwNfy6NOdluioYnQwNaxgLWl1mxXSqUz8S0yEUC+8pLnEV3VSPZEIjHmLZjKC6xbaFfwkJLpnODG71vrSldKx0B1YNdrJ0/ZVOa1rZMwIdYy5SAB3tSSmSNkc+Rz8sRa2zlNik+M0xrHiw8jQfi+ir824y4vbkBDTVb7g0nskIyloBNdrdr0QkuSOGVzHNySB2xNH2r0UuHa50Jc1wIB+Bpr5lZrM2j3O0cdydK7rX4XGZsYyOI5nEjUDXXoqtcESdKz3vgfhRxWLZKQ0xs+IjpR2+q6iFh+GuDs4Lw0R2TLJTn9m6bD/AJuVshy6sUdseT5LWZvLlbXRIkSAotanKKhFoQCpEqLUgRCElqAFotISmOegHF1Ly3i7w+3iuGdicOB96Y3UdHga/VegklpUp8TQ3VJJSVM0xTljkpR7OE4sujly0W3pp19FWOIsVZB2C6H4o4FhOIh02HDMPiRrYFNd7j+VzPFwYjBSFuKjcxuwcNr/AJXK40fRYdVDJG/ZJzGZnAH2URkAtpOhVE4jzHsUjsR5sx/dNp0LImXeZVtFb/EEwu1/wVT5xHXS7pHPBHz2TaT5C+Zho2xQ2Nb+6XmgbaEbEKgMRZOl+5SCY7WaTaQ8iLhfZ82tqWEOmlaxgLnE0AOqr4TDz4yURwMLnH12910LwzwbDcLy4iYiXFHY7hnt6+qUc2bUqCPV+CuEN4JgS+avvUo8w/KOy9a3Eg9V5WPFm9CrsWLPdbRaSo8LLunJyl2ejbMD1TuaO6xWYw91J96NLTcZbTWM47qN2KaOqyX4o91Rmxr9dVDkSoWZ3jfw/BxvCOxOHAbjYxf/ANg7e64xOx+HldHICx7bBDhqF2WfGv3BK8j4j4bh+KAy/wCniWihIB8XoVzyauz1tHmljW2XR4IPIp130Km5guO/K2wdSf3UOIwk+FkyyRuHY7gqu53eyO17Kas9WOZMtOxQ55NWQdMwtMkxMlOF6u+Mn30oqmSb1Nn1Ti/K4aCr1bZoqaL+RE7JyXUXDQb0n5xKKtup1ddHXp7Ko5+YEnUk2Xfwn6Bg8uvekonyInjy0QNwbcQNgp2aOtxIaReZp6qgPK8gGyfirZXMPHNOWsjYXu6AaqGQ8iQ6N7pHEN+EihY21XVPAfAfutcRxTGiwDE0jW+6xfDXhZkDmYjH5XkatiBsD3Xvo5aqtB2SKt2eVrtZuj44f+noGYkHqpmzA9VhRz+qtxT31W6keK4ms2RPDlRjltTtfatZWiyChRtKFJBOhKm2pAJCUqRAMKjepSmOCgFOW1mYoOo0tl7LVWXDh3RVaLJnjuIRvfY6Ly2PwDpbBaCOxC6TiOHh96LKxHBi7YLGUGdMMqRyzEeH43H/AEsp7t0WfJ4alvyTEejha6jNwV+tNVN/CZG/gVf5I6I5vpnNx4axXWVvyCX/AMZxVaStJ9QV0I8OePwFN+5OH4FG5l1lf2eAb4XxR3kbXoFcw/hQUDK97j2ugvajBu/KpG4N/wCVRbDyv7MfAcMjwbGtjYG0Om5WvCC1WGYB56K5Dw55rREmZymiOEnRaMDXO7qbD8NqrC0osGANlpGDOac0Vo43KcRlXG4cDopRCtaMnIzXQkhVZsKTstww+iY6AHojiFI8picG6josbE4JxuwV75+EDhsqcvDWuvyrOWM2hmo5xPwxrrsLOl4Bh3n/AEm37UulS8Ga78KpS8D7Ws9jR0R1COdHw1hukQHsSj/xzDdIGr3b+DSDYKE8LlH4FFSL+a/Z4tnhzDNN8lt9ypW+HcMauBhHsvWnh8g/AUowT/ylRyPJ/Z5qHw/g46rDs09Fq4bBsh0YwN9hS0m4N1/CpG4R3ZKYeS+2Jh3FtBaMUmirx4R/ZXYcO4dCrxTOeckTRuJ6FXInEmk2LDuI6gK9Fh8u4BWqRzyaHw2QrbAmRxUNlO1qujNsc1CcAhWIJyEUhCkCUkpOQgG0mkJ6CgIi1MLAVMUhCgFV0QPRRuw4PRXCEhAQFB2EaeihdgWH8K1CAm0OyiibMh3DYz+EJh4VGfwhbVDsih2UbUTuZh/0ln5QnDhTR0W1Q7JaHZNqG9mSzhjR+FTswTW7BaIA7JaHZTSI3MqNw4HRSCEBWAAloKaFkAjCdkUtJaQghyI5amRSArmJNMPorNJKCUCoYAeijOGB6K8QElClFE2ZzsG0jZMOCafwrToJCB2ShuZlHh7Pyph4cz8oWvQ7JKHZRtRO5mR/TmflSjhzey1so7Iyjsm1DczMbgGjopW4MDotAAdk6h2U0huZVbhwOilbFSmACcAFNFSMMpODU/olQDQEJyFIP//Z&quot; class=&quot;main_img img-hover&quot; /&gt; \r\n&lt;/p&gt;\r\n&lt;p&gt;\r\n	南国梨。用\r\n手指轻压南果梨，如果能感到有弹性，闻起来有酒味的浓香，此时是吃南国梨最好的时机。南果梨有明显的“后熟”特征，摘下后要经过一周多的自然发酵才能达到\r\n最好吃的状态。需要注意的是，保存南果梨时不能把塑料袋系得太紧，要给果实留下“呼吸口”，这样才能保持南果梨的“活性”。将南果梨放进冰箱冷藏室，可减\r\n慢果实的呼吸，保持新鲜状态。\r\n&lt;/p&gt;\r\n&lt;p&gt;\r\n	牛油果。用手按捏牛油果的表面，如果感觉有弹性，果肉结实，则证明牛油果已经成熟。绿色表面深棕色的斑点越多，说明牛油果越成熟，但果皮基本被深深浅浅的棕色斑点覆盖，建议就不要买了，说明有可能熟过头而变质。如果不是当天就吃，建议买比较生的牛油果，这样的果实在室温下放2～3天后会自然成熟，成熟后的牛油果在冰箱冷藏室可保存一周左右。\r\n&lt;/p&gt;\r\n&lt;p&gt;\r\n	忌饭后立即吃水果\r\n&lt;/p&gt;\r\n&lt;p&gt;\r\n	饭后立即吃水果，不但不会助消化，反而会造成胀气和便秘。因此，吃水果宜在饭后2小时或饭前1小时。\r\n&lt;/p&gt;\r\n&lt;p align=&quot;center&quot;&gt;\r\n	&lt;img style=&quot;width:273px;height:176px;&quot; src=&quot;http://img0.imgtn.bdimg.com/it/u=2274687770,3530909492&amp;amp;fm=21&amp;amp;gp=0.jpg&quot; class=&quot;main_img img-hover&quot; /&gt; \r\n&lt;/p&gt;\r\n&lt;p&gt;\r\n	2吃水果忌不漱口\r\n&lt;/p&gt;\r\n&lt;p&gt;\r\n	有些水果含有多种发酵糖类物质，对牙齿有较强的腐蚀性，食用后若不漱口，口腔中的水果残渣易造成龋齿。\r\n&lt;/p&gt;\r\n&lt;p&gt;\r\n	3忌食水果过多\r\n&lt;/p&gt;\r\n&lt;p&gt;\r\n	过量食用水果，会使人体缺铜，从而导致血液中胆固醇增高，引起冠心病，因此不宜在短时间内进食水果过多。\r\n&lt;/p&gt;\r\n&lt;p&gt;\r\n	4食用开始腐烂的水果\r\n&lt;/p&gt;\r\n&lt;p&gt;\r\n	以及无防尘、防蝇设备又没彻底洗净消毒的果品，如草莓、桑椹、剖片的西瓜等，容易发生痢疾、伤寒、急性胃肠炎等消化道传染病。\r\n&lt;/p&gt;\r\n&lt;p align=&quot;center&quot;&gt;\r\n	&lt;img style=&quot;width:231px;height:199px;&quot; src=&quot;data:image/jpeg;base64,/9j/4AAQSkZJRgABAQAAAQABAAD/2wBDAAgGBgcGBQgHBwcJCQgKDBQNDAsLDBkSEw8UHRofHh0aHBwgJC4nICIsIxwcKDcpLDAxNDQ0Hyc5PTgyPC4zNDL/2wBDAQkJCQwLDBgNDRgyIRwhMjIyMjIyMjIyMjIyMjIyMjIyMjIyMjIyMjIyMjIyMjIyMjIyMjIyMjIyMjIyMjIyMjL/wAARCADcAP4DASIAAhEBAxEB/8QAHAABAAIDAQEBAAAAAAAAAAAAAAMEAgUGAQcI/8QAOBAAAQMDAgQEBAUDBAMBAAAAAQACEQMEIQUxEkFRYQYTInEHFDKBUpGhsdEjQsFiguHwJDNDcv/EABoBAQADAQEBAAAAAAAAAAAAAAACAwQBBQb/xAApEQADAAIBAwQDAAEFAAAAAAAAAQIDEQQSITEFEyJBMlFhFEKBkaHR/9oADAMBAAIRAxEAPwD7+iIgCIiAIiIAiIgCIiAIiIAiIgCIiAIiIAiIgCIiAIiIAiIgCIiAIiIAiIgCIiAIiIAiIgCIiAIi+d+OfiPT0arV0vSy2pegFtaqZAoHkMiC774UbtQts42l5Ow1vxFpfh21FxqV2yiHTwM3e89GtGSuKv8A4x6XRYRY6fd3LoJBdwsb2nJI/JfGtQ1K61G9N1f3FatVeJFao6S6NgoqdYUpLWEZBADvdefk5lb+PYqeR/R9Qb8ZNUfxuZo9qW7tAquJA6HqVvNH+LFpcVCzVbT5Vs/+2k4vaPcRPPlK+MtYXuqPpA05zwO2meRWwogVi+lU9IDQc/nuoTysm/Jyao/Rmka5p2u2gudOuWVqZJBGzgQYMg5C+YfEzx14m8OeJG2FnUp21pUptfRqCkHOfiDkzzn9Fxul+KG+GNVp3tjUZUrSaT+OfLLTvxRkxvjOF3njvwlf6r4Vdrd3qbtRvrfhrU20qQpUadE5cGNyTiDxOJMN5LV7zyY215RswJOl1He+E9Vqa34V07UaxBrV6INSBHqGD+oW5Xzr4TavTr6PV0xzx5lJ3nUxP9rtx9j+6+iq7DfXCoZsft5HIREVpUEREAREQBERAEREAREQBERAEREAREQBERAERRXNdlrbVbiqSKdJhe4gTgCSgOY8c+LmeG9OFK3LXajcAiiwz6RsXnEY7818AvXOuKlS4r1eN1VxfV8zJc4nfHcqfWdauPEWvXN9cPe11VxLcyGNH0j2AVZ7m/Lim+pSDmiN5HVeVnzO3/Cin1Mqf0muIDaj2OABDiBI/wCFPQomvQDmMqM4T6SYcPvssWW9aq6aPC7m4NcMd/ZWqlyyypsFH1OqfWW/SBMSBzPfbZZU9nEiam19FjnkTUpkPYKZDnQeRHTHNQVLm6urO4q1pZTdAbTHvnK9o0YsKtRrjxvcXDjOXR36wsavEzS6LCZNR/FHOOv6qaWkS3+jXmiHW1IbS/C/UPheyfb+D9Ms7ocTm2jGPa6TPp2Mr4V4L8NP8S+JKFs7iFrbeuu6OQO08ieXsv0axjabGsaIa0AAdlv4kPToljX2fC7fz/AHxCqWeTQD/MoSfrpO2H7j3AX3G2uaV3bU7ig4OpVGhzT2K4b4oeE365pVPU7FhdqFhJAbvUpn6h7jcffquY8DfEOlpNubLVi80SRwOYOItceccwf0PuoxS4+RxX4vuj08i/yMStfkuzPsNavTt6fHVeGt7qoNWtyYDakdYWnr3T9Qris5rmMaIYwmY7+6NZ/0c15vJ9XtX04fBUsCS+Xk6Cjd0K+GPE9Dgqdcxlsf4K2VnqBaRTrGRyceSv4nq85H0ZVp/v6IXh13k2qIDIkIvaKAiIgCIiAIiIAiIgCIiAIiIAiIgC5/xxcutPBeq1W8MmgWeogD1EA7+66BfO/jNdm38ENpBwHn3dNhE7gS775AUMj1DZx+D4ncV6L2ek7HAbgbqGmz5hxPlhtNv1PJOP5PZV7Z3mPDS50dG4n+FsqHFXuKVMj+mwgkDYD+V41Pb0U6JrukLWmKNL00zM9XbZP8LO6oMZbW9OpioSMjmDuvKtU1bvz3AmmwgNb1zupLayvdV1LyLS3qV67nxTYwTgnJPQdyuJd+x0huq7HMdQYJFOCD1zlW9J0TUfE2oMt9OoOqeWwM8yIYyWky48tiu18OfCW9uor63U+UpFoilTINQ458hv74X1jStG0/RLNtpp9syhSAGGjLsRJPMrZi41U912RJS35Kfhjw5a+GdJZZ244qjvVWqkZe6N/boFukWg8Uak60tG29IkVK28HPD/yteXJODG7fhF+OHdKUa/xF4oFJxsrEOqvmHlgmewP+VyHh3wdTt9SdqN0xpe15NCnuKYPXqf2W8sbY/U8Z6AYW6YA0CBBXyeflXyLdN9j00linpk9LQ0BqMO0SvHOnBKxa6He6x12oqLAaCZhHsjsvWGN91kQSIA/RXdKaKyezvnUHClUM0zsei27XB7Q5pkFc28R3CsWV+aD+B5JYf0Xq+n+pPG1iyvt9MhkxdXdeTeosWPbUaHMcCD0WS+iTT7oyhERdAREQBERAEREAREQBERAFwHjv4fX/AIxvqFdusso0aDIp2z6JLQTu6Qck+y79FG4VrTB8VHwV1O2cTR1KzrTuXNcw/bdS23wk1fj4H3NlRpA7tLnEjOYj2/NfZV4XBoyQPcqj/FxeTnSj5hY/CBhcHalqjjjLbZnDDoIwT0xy6rv9H0LTtCs222n2zaTBu7dzidySclXTXojeqwf7ggr0nbVWH2cFOIxQ/idU6+iREBBEhFcAuL193zGukEktpgNj7LtFxOqN4dUuCfxzleP63bnjpftmzhL5t/wztwARnZWH1SBBVWk7OT+SkdnbZfNzXx7GtruC8zus2E7H7KJwKyYMwqa2qItFhtQgZGQs2VpOyqzAzkrNjiDPNSWRog5LBGc7qJ4BOAVkXSBGY5rzhe6Cf3SnvwcRJbXlS3dgktC3dtfU64AkArnXMc10DkvG1DTdLTnmFv4fqeXjvpruiN45s61FqrHUgfRVOOp5Lar6rByIzx1QzHcOHphERXkAiIgCIiAIiIAiKC7umWlA1HZOzW9So3cxLqnpI6k29Ikq1qdBhfUcGt7rVV9akltuz/c7+Fr6tWrdVOOq6e3ILGGgGBkbL5zk+rZLesPZf9muMMz+Xdnle7uKxPHXqAcwDA/RVvKBy7iJ/wBRlSEAnp1QkRMYjZeJky3b3b2aV27Ij4KbQPSDHZZcDSPpH2XoOIMLwEHl9gqtndsmo1qtE/06jgegJWyt9YqMAFdvGOo3WqaC7meiyaDnGZWvj8zNh7xX/hVUzXk6e3uqNy2aTwY3HMLk9WIOp1tvqMqwJpvD2kh42I5Klete57qxlzicla+Z6i+ThUUtNP8A2HHxqL3sjpPHp4ftCuNAfnmFradQAglX7erNThjlK8/C03pmm50ZkHiGMFexHt7KQAOEhYPjlsFdkntsqMNo5rHi9U7dl7PqjCxzOFjoE9OO/ZTN9Uf5UVGOHvzVlkTMLRinaK6MmgQQYyq9Whwx0PNWQMnCycyWgFXVjVIhvTNe5jmHiaTK3GmXpe0Uqh9j36LXObuMqJjnUagIEAqXD5NcbKmvBKpVzpnVoobWsK9Br+fNTL7OKVyqX2YGtPTCIikcCIiAIiIAuc1W6NW+LP7KfpHvzW5v7r5W2c8fWcNHdc/Tpg+t+Xd14XrGfaWCX/WauPOvkzASR1WRJO4/JT+XDZ26qNzMgH3heE8bSNG9kDoEiNtoWE5UxAPuFF/bIEQOioqWTRjgwSgjIAn25Lwk8XLK94Y3cVUdMmggSHZHZSsAcQc52UYaWwYgTv0VqmwETP3VuOG2QpmHBw7LFzQ4dZ3VngzBydj2UTqZHX3Vl42iCZoL5ptKsf2HLV7b3ZGzsLYalZ/NWrmAetuWHuuZoV3B/CcEGCDyWS3UVtHo4tZY/qOkZdDh3/VeCtJ3BK1tKoY9lM18HeFJ56pdyDxpF0P4XT1XrXE7RCqh8nkpWPg/yudRW5LtFx2z9lcpmHZ/Na6mfV1BVxhPB/K04a0Z7Rb9Iz1Qk4dMqIPxhC8lana0VaMX5c4hVamHQrLiY2+6hqNk4WTJ5JybPR6uXMJwRIW3Wj0mRcAc8reL670u3XHW/oy518wiIvRKQiIgCbIqGrV3U7YU2mHVDE9uaqz5VhxvJX0Smep6NXd3BvLov3ptwwf5XkRsFE30RCmG/tyXxzt5Ld15Zu1paRkTAAyoz2Ej3Rz9gTmN14cNmD9+am3sJGBgvE9NlHV4QZ5qUuycnoJVWrU5cPZUZGku5ZKMCRnPspWM4qcg91Xa6SQAfYqxSIBkT77BZo02TpaLDGktI5dOqlBJbIInkoQBIHeVLOxA337LZPgpZI1wLcxJ/JDDm5+0qKczIIHRZtMDaQd1NteCLRGW4iN1zGu2DqNf5ykPQ4xUA5Hr911ZG469VDXosqMfTeAWuEEdQVly49otw5XjrZyFvV2lXGv25qpd2VTT7ngMmk76H9e3us2vxuvPe5ej06SpdUlwOnAUzXEgAlVGuMqwx2ykmU1JeomRjkrzCCyOaoUz6VPTqQQBlasdaMlrZcAHeV7P5qNruazJwtG+xQJwo3DovZkr0DqVX5Z0uaWP/K7cJW6Wq0pn9R7+QELar630uWuMtmTM/kERF6JUEREAWj1WqX3nl/202j9VvFoNTbF+4xlwB/ReZ6s2uP2/Zfx/yK0YJWJqidyF6HclAfSScSey+YfbwbEiUuGBseq9mRkZ7c1AdgZ5YXofAjqisl0mbiIOYPRU6rzOBsVk9x4c/kFUqOIduc7qjNfYtiCUOMk59hyVmk/MKi2pHPdWabwW7HCrh9ztSXaZ5g+wPJTBwgtiVTp84VhobMyJnmtcV2M9IyaQDgmdzjdSB8kcsLAAtHOF6QDtH3UlsiyQGQIONpWRZLY58lCYiOakY4Nac7YXf4yDRBcW1OtTdSqs4mncH91zt7p1SycHCX0TgO6e66sCQSYXj6TXsc0gOYRBBVGTArRdiz1jf8OPpO5KzTTUbA2FwC2TSf8ASenZRU34G6w6cvTPQ2qXVJfpvPVWaTpcAqVF3ErlLHLCvkzWi8IAnCy5wo2HZZErQZWj3ugJJgb9VjxYVvT6HnXAkeluSrsGF5MihfZx9ltm2sqPk2zQfqOSrCIvtMcLHChfRgb29hERTOBERAFqdYpEGnWG30lbZQ3VAXFs+nzIwe6zcvD72GoXknjrppM5l/IhRPjoSpajS1xY7BaYKieMjbuV8dS12Z6UngdAPU4WJJPMQsXGMbxtCxD+nPYqvZNIirE9JAPJVnNkiQSFZfHKYVb7kfdU2tsvnwZtGIAwpabiDtBVYPAO5kZVilgAHLhiYUZQpFhpwBEKRj3zIdHYqAEBogSdgJUjQXkQY79Oyul6KWi5xFwEkk9l6CHOEOxzELBolpIPsVg5sy6YgyFdt+SnRYmW/wDZXrSMZKgY8zG/RemoQ79k615OdJZa6TG3NTCCDMTHJVGEl3IGJGFYYYaG8oxGIVksrpEF/bfN2rqRGSJHY8lybHcLuE4XahzQ+FxFdzTc1HNOOMx+azcjGtqjZxKenJfoHI5rY0oJHOFq6BwFsKR6KuVonlRebvKyKjaV6CS4BoJcdgFolbMujLJIaNyuhsbf5e3AI9Zy5VdP080yK1YQ7k3otmvpPTOE8S9213fgyZsifxQREXrmcIiIAiIgCIiA0usWpDhcMGDh3v1Wle7hwSuxqMbUYWPEtcIIXLajZvtaxG7T9J6hfOercNy/ejw/Jv42TqXSyi5wBJ/wvCW8O/3WDs7qP1e2dl4OzckeuIII4hjosSAcmPdZhwIjcA/qseEkQQZkbJokiMtLRMmekbqdsNO55HfZecJc0/osmsBidzmE6f0GyZoJOQI7c1LSPCICiAMDeQsmuIEndTS0UtbJ98yYHQrAubxEOEzn7LHiPDEjqo31DwyTGYBXWyKklbUawwD+akc4gbgnkI/VUy+Y/D1U1Ig8LgRxAQGyFxHanRdZJaXHGM91g+5g8DYNSJDJhZ0X+gcRG0g/5XB6zqV7pGtu1Cqw1bO4dLXs/wDmBgBw5SBurpmn+JXEdTOo1e+dZaZxF3DWru4Ggcup/Jc3SqBx4SVqtR1Yatcsq29cVHBmGF/IbwOUYlSWlO8JH9F33K7XHyV4RsxpRPfydHbHlK21pTqV3hlNpcf2WjtrW9qYPoH+kLoNNtrqgRDnR0K18b05095CrJkWuxuaGj8UedW92s/lbW3taNs2KVMN6nmfuoLZzuEcbYKuDZfQ8fjYcXeJ7nlZbp9mz1ERaykIiIAiIgCIiAIiIAq17aMvKHA4w4Za7oVZRRuVcua8M7Lae0cVeW1S3rOZUaWuGZGx7qm5/M/su4u7Sld0uCq2ehG49ly2o6VVti57Rxs/ENx7hfL830y8bdY+6PUwcib7Pya9045Db3RrgAIIPcqA1WzBMQOZWPzDIyR7SvJaaZr0XGzwzIntlStIOcLWuu2tz5gAHIKI6nRZ6eJEzjnZuZHYBPTJPNaJ/iGypYfXYPdywZr9vXqNp0XcRdtHNWzF14nZHo0b0uxE57LB1SAd8Fazz61TkB0kqalSqv8AqqNB7NWieDyK/wBJHqhfZaOagyY2OP8AKs0DwuJBJHJYULUNHG+s7vhXLdlIOlrST1dlXR6Zm38uxGsktdh5dWpRLGCAcSqdTQjcF3mN4g7BBG4XQ0Q0jKtNDOy9jBw4xzpGasjXg+NeJ/h7eaWw6pogqOpUzx1aDDLmDmWdR1H7qz4V8W2NXy6WoBrGHHmDPAe4/D+y+wABfD/it4bp+HtRo61p9Py7S8eRWY0emnV3kdA7f3B6pm47n5x9F+LkLJ8Mn/J9ktrO3dSZUpFj2OEtc0yCOoKusosbsF+f/BPxFutFu6dn5b69k5w82nJMSQCW9Hc42OV+hGw5oc0yCJBWrC1U7a0zHmVRWm9noAGwUjcLFoWav0Zmz1F4vVNMiERF0BERAEREAREQBERAeFUbq2NdpadlfXkKuo6uxKa6XtHF3/hUXBJY9zT1GFoLjwRfkny7yqB/+19T4R0C88tp5BZK4MV5RqnmUj4+/wAD6sSZuqx/3qM/D++f9dSo73eV9j8pn4QvPJZ+EKK4ELwT/wA6j5FS+HdVpnhCv0PA1WmQQQCO6+n+Uz8ITym/hCsXERF8xs4i18PXVGJqhw6OyttQ0st+tjT7LofLb0C94R0Vk4dfZU8+/o0x0sPIkQByU9PTmMGAtnASFP20Reaij8mOS9FkZ+oq9CQpe2iPu0Uvk3cqhCpatoLNY02vYXbm1bau3hex7d+46EbgrdIu+2vse5R858KfCLSvDlcV69xUvnteXUxVEMAM4c0YdvzX0QMgBZIuqUvBGrdeTyF7CIu6IhERNAIiLoCIiAIiIAiIgCIiAIiIAiIgCIiAIiIAiIgCIiAIiIAiIgCIiAIiIAiIgCIiAIiID//Z&quot; class=&quot;main_img img-hover&quot; /&gt; \r\n&lt;/p&gt;\r\n&lt;p&gt;\r\n	5水果忌用酒精消毒\r\n&lt;/p&gt;\r\n&lt;p&gt;\r\n	酒精虽能杀死水果表层细菌，但会引起水果色、香、味的改变，酒精和水果中的酸作用，会降低水果的营养价值。\r\n&lt;/p&gt;\r\n&lt;p&gt;\r\n	6生吃水果忌不削皮\r\n&lt;/p&gt;\r\n&lt;p&gt;\r\n	一些人认为，果皮中维生素含量比果肉高，因而食用水果时连皮一起吃。殊不知，水果发生病虫害时，往往用农药喷杀，农药会浸透并残留在果皮蜡质中，因而果皮中的农药残留量比果肉中高得多。\r\n&lt;/p&gt;','','');
INSERT INTO `io_content_news` VALUES('104','33','&lt;p style=&quot;text-indent:2em;color:#333333;font-family:宋体, Arial, Helvetica;background-color:#FFFFFF;&quot;&gt;\r\n	夏至即将到来，那么夏至饮食养生的方法有哪些呢？夏至意味着天气越来越炎热，稍不留意就容易中暑上火甚至引发疾病，下面小编为您介绍夏至饮食养生的方法，一起去看看吧。\r\n&lt;/p&gt;\r\n&lt;p style=&quot;text-indent:2em;color:#333333;font-family:宋体, Arial, Helvetica;background-color:#FFFFFF;&quot;&gt;\r\n	&lt;span style=&quot;font-weight:700;&quot;&gt;夏至饮食养生的方法&lt;/span&gt; \r\n&lt;/p&gt;\r\n&lt;p style=&quot;text-indent:2em;color:#333333;font-family:宋体, Arial, Helvetica;background-color:#FFFFFF;&quot;&gt;\r\n	&lt;span style=&quot;font-weight:700;&quot;&gt;1、多喝水&lt;/span&gt; \r\n&lt;/p&gt;\r\n&lt;p style=&quot;text-indent:2em;color:#333333;font-family:宋体, Arial, Helvetica;background-color:#FFFFFF;&quot;&gt;\r\n	要注意多喝水，补充流失的水分，夏季建议饮水量可增至1800ml左右，少量多次饮用；补充水和无机盐，特别是要注意钾的补充，豆类或豆制品、水果、蔬菜等都是钾的很好来源。多吃些清热利湿的食物，如西瓜、苦瓜、桃、乌梅、草莓、西红柿、黄瓜等都有较好的消暑作用。\r\n&lt;/p&gt;\r\n&lt;p style=&quot;text-indent:2em;color:#333333;font-family:宋体, Arial, Helvetica;background-color:#FFFFFF;&quot;&gt;\r\n	&lt;span style=&quot;font-weight:700;&quot;&gt;2、饮食清淡多吃“苦”&lt;/span&gt; \r\n&lt;/p&gt;\r\n&lt;p style=&quot;text-indent:2em;color:#333333;font-family:宋体, Arial, Helvetica;background-color:#FFFFFF;&quot;&gt;\r\n	夏\r\n至是一年中人体代谢最旺盛的节季，此时人的消化功能相对较弱，因此，饮食宜清淡可口，避免油腻、难消化的食品。早、晚喝点粥，既能生津止渴，又能补养身\r\n体，助阳气。除了清淡饮食，还可多吃苦菜类蔬菜，如苦瓜、香菜等。因苦味食物具有除燥祛湿、清凉解暑、利尿活血、解除劳乏、消炎退热、清心明目、促进食欲\r\n等作用。不过，苦味食物均属寒凉，虽然能清热泻火，但属于清泻类食物，体质较虚弱者不宜食用，否则会加重病情。\r\n&lt;/p&gt;\r\n&lt;p style=&quot;text-indent:2em;color:#333333;font-family:宋体, Arial, Helvetica;background-color:#FFFFFF;&quot;&gt;\r\n	&lt;span style=&quot;font-weight:700;&quot;&gt;3、多吃“杀菌”蔬菜&lt;/span&gt; \r\n&lt;/p&gt;\r\n&lt;p style=&quot;text-indent:2em;color:#333333;font-family:宋体, Arial, Helvetica;background-color:#FFFFFF;&quot;&gt;\r\n	夏至天气越来越炎热，是人类疾病尤其是肠道传染病多发季节。多吃些“杀菌”蔬菜，可预防疾病。如大蒜、洋葱、韭菜、大葱等。这些葱蒜类蔬菜中，含有丰富的植物广谱杀菌素，对各种球菌、杆菌、真菌、病毒有杀灭和抑制作用。其中，作用最突出的是大蒜，最好生食。\r\n&lt;/p&gt;\r\n&lt;p style=&quot;text-indent:2em;color:#333333;font-family:宋体, Arial, Helvetica;background-color:#FFFFFF;&quot;&gt;\r\n	&lt;span style=&quot;font-weight:700;&quot;&gt;4、多吃蔬菜瓜果类&lt;/span&gt; \r\n&lt;/p&gt;\r\n&lt;p style=&quot;text-indent:2em;color:#333333;font-family:宋体, Arial, Helvetica;background-color:#FFFFFF;&quot;&gt;\r\n	夏季气温高，人体丢失的水分多，绿叶菜和瓜果类等水分多的蔬菜水果都是不错的选择。蔬菜中的水分，是经过多层生物膜过滤的天然、洁净、营养且具有生物活性的水；瓜类蔬菜含水量都在90%以上。瓜类蔬菜还具有降低血压、保护血管的作用。\r\n&lt;/p&gt;\r\n&lt;p style=&quot;text-indent:2em;color:#333333;font-family:宋体, Arial, Helvetica;background-color:#FFFFFF;&quot;&gt;\r\n	&lt;span style=&quot;font-weight:700;&quot;&gt;5、生姜和面条&lt;/span&gt; \r\n&lt;/p&gt;\r\n&lt;p style=&quot;text-indent:2em;color:#333333;font-family:宋体, Arial, Helvetica;background-color:#FFFFFF;&quot;&gt;\r\n	有\r\n俗话说：“饭不香，吃生姜”、“冬吃萝卜，夏吃姜”、“早上三片姜，赛过喝参汤”，都是对生姜所具有的营养价值和医疗作用所做的精辟的概括。夏季暑热，多\r\n数人食欲不振，而生姜有利于食物的消化和吸收，对于防暑度夏有一定益处。夏季万物生长，阳极阴生，心旺肾衰，适量进补对男子性功能的保护和提升还是很有好\r\n处的。\r\n&lt;/p&gt;\r\n&lt;p style=&quot;text-indent:2em;color:#333333;font-family:宋体, Arial, Helvetica;background-color:#FFFFFF;&quot;&gt;\r\n	面条，也是夏至后被推荐的美食之一。在中国北方流行一句谚语：“冬至饺子夏至面”，尤其是凉面，既能降火开胃，又不至于因寒凉而损害健康。\r\n&lt;/p&gt;\r\n&lt;p style=&quot;text-indent:2em;color:#333333;font-family:宋体, Arial, Helvetica;background-color:#FFFFFF;&quot;&gt;\r\n	&lt;span style=&quot;font-weight:700;&quot;&gt;6、慎吃冰镇食物&lt;/span&gt; \r\n&lt;/p&gt;\r\n&lt;p style=&quot;text-indent:2em;color:#333333;font-family:宋体, Arial, Helvetica;background-color:#FFFFFF;&quot;&gt;\r\n	夏\r\n至天气越来越炎热，很多人喜欢吃冰镇食物，通过食物来降温，但是这样容易引起肠胃的不适，导致腹泻、呕吐、发烧等疾病的发生。正确的做法是应该把从冰箱里\r\n取出来的水果放一段时间等它恢复到常温的时候再食用。或者在吃一些冷饮的时候注意在嘴里多含一下，等和体温接近时再下咽，减少对胃肠道的刺激。\r\n&lt;/p&gt;\r\n&lt;p style=&quot;text-indent:2em;color:#333333;font-family:宋体, Arial, Helvetica;background-color:#FFFFFF;&quot;&gt;\r\n	夏至饮食养生的方法小编已经介绍完了，仅供参考。\r\n&lt;/p&gt;','a:2:{s:7:\"fileurl\";a:3:{i:0;s:46:\"/data/upload/image/201606/d3fe3f302a04ef8b.jpg\";i:1;s:46:\"/data/upload/image/201606/a92b2a485bbeed71.jpg\";i:2;s:46:\"/data/upload/image/201606/d34ce8b48b72427a.jpg\";}s:8:\"filename\";a:3:{i:0;s:5:\"6.jpg\";i:1;s:5:\"7.jpg\";i:2;s:5:\"8.jpg\";}}','');

DROP TABLE IF EXISTS `io_content_product`;
CREATE TABLE `io_content_product` (
  `id` mediumint(8) NOT NULL,
  `catid` smallint(5) NOT NULL,
  `content` mediumtext NOT NULL,
  PRIMARY KEY (`id`),
  KEY `catid` (`catid`)
) ENGINE=MyISAM DEFAULT CHARSET=utf8;


DROP TABLE IF EXISTS `io_content_users`;
CREATE TABLE `io_content_users` (
  `id` mediumint(8) NOT NULL,
  `catid` smallint(5) NOT NULL,
  `content` mediumtext NOT NULL,
  `cardid` varchar(255) NOT NULL,
  `sex` varchar(255) NOT NULL,
  `age` varchar(255) NOT NULL,
  `poor` varchar(255) NOT NULL,
  `phone` varchar(255) NOT NULL,
  `birthday` varchar(255) NOT NULL,
  `pksx` varchar(255) NOT NULL,
  `pkxz` varchar(255) NOT NULL,
  `pkyy` varchar(255) NOT NULL,
  `hzgx` varchar(255) NOT NULL,
  `jkzk` varchar(255) NOT NULL,
  `jbids` varchar(255) NOT NULL,
  PRIMARY KEY (`id`),
  KEY `catid` (`catid`)
) ENGINE=MyISAM DEFAULT CHARSET=utf8;

INSERT INTO `io_content_users` VALUES('92','25','','410725198502110014','1','','1','13700879031','1985-02-11','一般贫困户','国家级','因病致贫','','健康','');
INSERT INTO `io_content_users` VALUES('93','25','','110101198808080000','2','','1','15001395683','1988-08-08','一般贫困户','国家级','因病致贫','','健康','');
INSERT INTO `io_content_users` VALUES('94','25','','110101198909090000','2','','1','13718476612','1989-09-09','一般贫困户','国家级','因病致贫','其他','健康','');
INSERT INTO `io_content_users` VALUES('98','25','','1111','1','','0','13718300494','1331','一般贫困户','国家级','因病致贫','','健康','');
INSERT INTO `io_content_users` VALUES('99','25','','11','1','','0','11144441111','2088-01-11','一般贫困户','国家级','因病致贫','丈夫','健康','');

DROP TABLE IF EXISTS `io_diy_ad`;
CREATE TABLE `io_diy_ad` (
  `id` mediumint(8) NOT NULL AUTO_INCREMENT,
  `lianjiedizhi` varchar(255) NOT NULL,
  `pic` varchar(255) NOT NULL,
  `info` varchar(255) NOT NULL,
  `type` varchar(255) NOT NULL,
  PRIMARY KEY (`id`)
) ENGINE=MyISAM AUTO_INCREMENT=7 DEFAULT CHARSET=utf8;

INSERT INTO `io_diy_ad` VALUES('1','http://www.jzfupin.cn/index.php?catid=32','/data/upload/image/201606/784fabb5da8ec94e.png','居民首页banner','居民首页');
INSERT INTO `io_diy_ad` VALUES('2','/?c=api&amp;a=jcsc','/data/upload/image/201606/2ad22272ca2b2891.jpg','检查手册','医生首页');
INSERT INTO `io_diy_ad` VALUES('3','/?c=api&amp;a=yyzs','/data/upload/image/201606/65e236d85231dfcc.jpg','用药助手','医生首页');
INSERT INTO `io_diy_ad` VALUES('5','http://3g.jib.xywy.com/yunjk','/data/upload/image/201606/c1718e6a3dd87812.jpg','疾病百科','居民首页');
INSERT INTO `io_diy_ad` VALUES('6','http://m.xywy.com/home/self_help/zz.html?fromurl=wk_1','/data/upload/image/201606/a2bab5b20b01abba.jpg','症状自诊','居民首页');

DROP TABLE IF EXISTS `io_diy_area`;
CREATE TABLE `io_diy_area` (
  `id` mediumint(8) NOT NULL AUTO_INCREMENT,
  `province` varchar(255) NOT NULL,
  `city` varchar(255) NOT NULL,
  `village` varchar(255) NOT NULL,
  `county` varchar(255) NOT NULL,
  PRIMARY KEY (`id`)
) ENGINE=MyISAM AUTO_INCREMENT=510 DEFAULT CHARSET=utf8;

INSERT INTO `io_diy_area` VALUES('1','内蒙古自治区','乌兰察布市','城关镇','兴和县');
INSERT INTO `io_diy_area` VALUES('2','内蒙古自治区','乌兰察布市','110国道','兴和县');
INSERT INTO `io_diy_area` VALUES('3','内蒙古自治区','乌兰察布市','大同夭乡','兴和县');
INSERT INTO `io_diy_area` VALUES('4','内蒙古自治区','乌兰察布市','城关镇兴隆街','兴和县');
INSERT INTO `io_diy_area` VALUES('5','内蒙古自治区','乌兰察布市','城关镇北官村','兴和县');
INSERT INTO `io_diy_area` VALUES('6','内蒙古自治区','乌兰察布市','城关镇二马路','兴和县');
INSERT INTO `io_diy_area` VALUES('7','内蒙古自治区','乌兰察布市','城关镇高庙村','兴和县');
INSERT INTO `io_diy_area` VALUES('8','内蒙古自治区','乌兰察布市','城关镇段家村','兴和县');
INSERT INTO `io_diy_area` VALUES('9','内蒙古自治区','乌兰察布市','城关镇阳坡村','兴和县');
INSERT INTO `io_diy_area` VALUES('10','内蒙古自治区','乌兰察布市','城关镇福瑞街','兴和县');
INSERT INTO `io_diy_area` VALUES('11','内蒙古自治区','乌兰察布市','城关镇东梁街','兴和县');
INSERT INTO `io_diy_area` VALUES('12','内蒙古自治区','乌兰察布市','城关镇马桥村','兴和县');
INSERT INTO `io_diy_area` VALUES('13','内蒙古自治区','乌兰察布市','城关镇一马路','兴和县');
INSERT INTO `io_diy_area` VALUES('14','内蒙古自治区','乌兰察布市','城关镇东大街','兴和县');
INSERT INTO `io_diy_area` VALUES('15','内蒙古自治区','乌兰察布市','城关镇东梁村','兴和县');
INSERT INTO `io_diy_area` VALUES('16','内蒙古自治区','乌兰察布市','城关镇壕欠村','兴和县');
INSERT INTO `io_diy_area` VALUES('17','内蒙古自治区','乌兰察布市','城关镇福瑞村','兴和县');
INSERT INTO `io_diy_area` VALUES('18','内蒙古自治区','乌兰察布市','赛乌素镇长胜村','兴和县');
INSERT INTO `io_diy_area` VALUES('19','内蒙古自治区','乌兰察布市','城关镇七家营村','兴和县');
INSERT INTO `io_diy_area` VALUES('20','内蒙古自治区','乌兰察布市','城关镇长胜坝村','兴和县');
INSERT INTO `io_diy_area` VALUES('21','内蒙古自治区','乌兰察布市','城关镇一间夭村','兴和县');
INSERT INTO `io_diy_area` VALUES('22','内蒙古自治区','乌兰察布市','城关镇秦家夭村','兴和县');
INSERT INTO `io_diy_area` VALUES('23','内蒙古自治区','乌兰察布市','赛乌素镇北胜村','兴和县');
INSERT INTO `io_diy_area` VALUES('24','内蒙古自治区','乌兰察布市','城关镇杏花沟村','兴和县');
INSERT INTO `io_diy_area` VALUES('25','内蒙古自治区','乌兰察布市','赛乌素镇高家村','兴和县');
INSERT INTO `io_diy_area` VALUES('26','内蒙古自治区','乌兰察布市','赛乌素镇魏家村','兴和县');
INSERT INTO `io_diy_area` VALUES('27','内蒙古自治区','乌兰察布市','赛乌素镇李茂村','兴和县');
INSERT INTO `io_diy_area` VALUES('28','内蒙古自治区','乌兰察布市','城关镇马桥大街','兴和县');
INSERT INTO `io_diy_area` VALUES('29','内蒙古自治区','乌兰察布市','赛乌素镇东河村','兴和县');
INSERT INTO `io_diy_area` VALUES('30','内蒙古自治区','乌兰察布市','城关镇西梁顶巷','兴和县');
INSERT INTO `io_diy_area` VALUES('31','内蒙古自治区','乌兰察布市','城关镇三道沟村','兴和县');
INSERT INTO `io_diy_area` VALUES('32','内蒙古自治区','乌兰察布市','赛乌素镇石家村','兴和县');
INSERT INTO `io_diy_area` VALUES('33','内蒙古自治区','乌兰察布市','赛乌素镇五一村','兴和县');
INSERT INTO `io_diy_area` VALUES('34','内蒙古自治区','乌兰察布市','赛乌素镇韩家村','兴和县');
INSERT INTO `io_diy_area` VALUES('35','内蒙古自治区','乌兰察布市','城关镇三瑞里村','兴和县');
INSERT INTO `io_diy_area` VALUES('36','内蒙古自治区','乌兰察布市','大同夭乡小夭村','兴和县');
INSERT INTO `io_diy_area` VALUES('37','内蒙古自治区','乌兰察布市','城关镇旋夭洼村','兴和县');
INSERT INTO `io_diy_area` VALUES('38','内蒙古自治区','乌兰察布市','城关镇东十号村','兴和县');
INSERT INTO `io_diy_area` VALUES('39','内蒙古自治区','乌兰察布市','城关镇哈拉沟村','兴和县');
INSERT INTO `io_diy_area` VALUES('40','内蒙古自治区','乌兰察布市','城关镇后河兴红巷','兴和县');
INSERT INTO `io_diy_area` VALUES('41','内蒙古自治区','乌兰察布市','大同夭乡大同夭村','兴和县');
INSERT INTO `io_diy_area` VALUES('42','内蒙古自治区','乌兰察布市','城关镇后河兴集街','兴和县');
INSERT INTO `io_diy_area` VALUES('43','内蒙古自治区','乌兰察布市','城关镇后河兴建巷','兴和县');
INSERT INTO `io_diy_area` VALUES('44','内蒙古自治区','乌兰察布市','赛乌素镇天城梁村','兴和县');
INSERT INTO `io_diy_area` VALUES('45','内蒙古自治区','乌兰察布市','大同夭乡花家夭村','兴和县');
INSERT INTO `io_diy_area` VALUES('46','内蒙古自治区','乌兰察布市','大同夭乡小梁子村','兴和县');
INSERT INTO `io_diy_area` VALUES('47','内蒙古自治区','乌兰察布市','赛乌素镇西坊子村','兴和县');
INSERT INTO `io_diy_area` VALUES('48','内蒙古自治区','乌兰察布市','大同夭乡三道沟村','兴和县');
INSERT INTO `io_diy_area` VALUES('49','内蒙古自治区','乌兰察布市','赛乌素镇赛乌素村','兴和县');
INSERT INTO `io_diy_area` VALUES('50','内蒙古自治区','乌兰察布市','赛乌素镇后沟子村','兴和县');
INSERT INTO `io_diy_area` VALUES('51','内蒙古自治区','乌兰察布市','赛乌素镇田家营村','兴和县');
INSERT INTO `io_diy_area` VALUES('52','内蒙古自治区','乌兰察布市','城关镇东梁街前巷','兴和县');
INSERT INTO `io_diy_area` VALUES('53','内蒙古自治区','乌兰察布市','城关镇兴隆永兴巷','兴和县');
INSERT INTO `io_diy_area` VALUES('54','内蒙古自治区','乌兰察布市','赛乌素镇大西坡村','兴和县');
INSERT INTO `io_diy_area` VALUES('55','内蒙古自治区','乌兰察布市','大同夭乡银子河村','兴和县');
INSERT INTO `io_diy_area` VALUES('56','内蒙古自治区','乌兰察布市','大同夭乡陶卜夭村','兴和县');
INSERT INTO `io_diy_area` VALUES('57','内蒙古自治区','乌兰察布市','城关镇后河兴乐巷','兴和县');
INSERT INTO `io_diy_area` VALUES('58','内蒙古自治区','乌兰察布市','城关镇后河兴民巷','兴和县');
INSERT INTO `io_diy_area` VALUES('59','内蒙古自治区','乌兰察布市','赛乌素镇老圈子村','兴和县');
INSERT INTO `io_diy_area` VALUES('60','内蒙古自治区','乌兰察布市','城关镇后河新华巷','兴和县');
INSERT INTO `io_diy_area` VALUES('61','内蒙古自治区','乌兰察布市','赛乌素镇钦宝营村','兴和县');
INSERT INTO `io_diy_area` VALUES('62','内蒙古自治区','乌兰察布市','城关镇后河兴新巷','兴和县');
INSERT INTO `io_diy_area` VALUES('63','内蒙古自治区','乌兰察布市','赛乌素镇三股水村','兴和县');
INSERT INTO `io_diy_area` VALUES('64','内蒙古自治区','乌兰察布市','赛乌素镇林古地村','兴和县');
INSERT INTO `io_diy_area` VALUES('65','内蒙古自治区','乌兰察布市','大同夭乡西沟掌村','兴和县');
INSERT INTO `io_diy_area` VALUES('66','内蒙古自治区','乌兰察布市','赛乌素镇兴隆铺村','兴和县');
INSERT INTO `io_diy_area` VALUES('67','内蒙古自治区','乌兰察布市','城关镇后河兴园巷','兴和县');
INSERT INTO `io_diy_area` VALUES('68','内蒙古自治区','乌兰察布市','赛乌素镇双井子村','兴和县');
INSERT INTO `io_diy_area` VALUES('69','内蒙古自治区','乌兰察布市','城关镇后河兴村巷','兴和县');
INSERT INTO `io_diy_area` VALUES('70','内蒙古自治区','乌兰察布市','大同夭乡兴胜庄村','兴和县');
INSERT INTO `io_diy_area` VALUES('71','内蒙古自治区','乌兰察布市','赛乌素镇七大顷村','兴和县');
INSERT INTO `io_diy_area` VALUES('72','内蒙古自治区','乌兰察布市','城关镇后河兴风巷','兴和县');
INSERT INTO `io_diy_area` VALUES('73','内蒙古自治区','乌兰察布市','城关镇后河兴社巷','兴和县');
INSERT INTO `io_diy_area` VALUES('74','内蒙古自治区','乌兰察布市','城关镇后河兴安巷','兴和县');
INSERT INTO `io_diy_area` VALUES('75','内蒙古自治区','乌兰察布市','赛乌素镇合兴公村','兴和县');
INSERT INTO `io_diy_area` VALUES('76','内蒙古自治区','乌兰察布市','赛乌素镇杨发地村','兴和县');
INSERT INTO `io_diy_area` VALUES('77','内蒙古自治区','乌兰察布市','赛乌素镇河渠子村','兴和县');
INSERT INTO `io_diy_area` VALUES('78','内蒙古自治区','乌兰察布市','城关镇后河兴沿巷','兴和县');
INSERT INTO `io_diy_area` VALUES('79','内蒙古自治区','乌兰察布市','城关镇后河兴胜巷','兴和县');
INSERT INTO `io_diy_area` VALUES('80','内蒙古自治区','乌兰察布市','城关镇福瑞街民建巷','兴和县');
INSERT INTO `io_diy_area` VALUES('81','内蒙古自治区','乌兰察布市','城关镇东梁街胜利巷','兴和县');
INSERT INTO `io_diy_area` VALUES('82','内蒙古自治区','乌兰察布市','城关镇马桥街西梁巷','兴和县');
INSERT INTO `io_diy_area` VALUES('83','内蒙古自治区','乌兰察布市','城关镇东梁街东梁巷','兴和县');
INSERT INTO `io_diy_area` VALUES('84','内蒙古自治区','乌兰察布市','城关镇东梁街顶前巷','兴和县');
INSERT INTO `io_diy_area` VALUES('85','内蒙古自治区','乌兰察布市','城关镇兴隆街永安巷','兴和县');
INSERT INTO `io_diy_area` VALUES('86','内蒙古自治区','乌兰察布市','城关镇马桥街民顺巷','兴和县');
INSERT INTO `io_diy_area` VALUES('87','内蒙古自治区','乌兰察布市','城关镇马桥街学堂巷','兴和县');
INSERT INTO `io_diy_area` VALUES('88','内蒙古自治区','乌兰察布市','城关镇马桥街头道巷','兴和县');
INSERT INTO `io_diy_area` VALUES('89','内蒙古自治区','乌兰察布市','城关镇兴隆街东大街','兴和县');
INSERT INTO `io_diy_area` VALUES('90','内蒙古自治区','乌兰察布市','城关镇马桥街民安巷','兴和县');
INSERT INTO `io_diy_area` VALUES('91','内蒙古自治区','乌兰察布市','城关镇东梁街顶后巷','兴和县');
INSERT INTO `io_diy_area` VALUES('92','内蒙古自治区','乌兰察布市','城关镇马桥街兴柴路','兴和县');
INSERT INTO `io_diy_area` VALUES('93','内蒙古自治区','乌兰察布市','城关镇东梁街利民巷','兴和县');
INSERT INTO `io_diy_area` VALUES('94','内蒙古自治区','乌兰察布市','城关镇福瑞街民城巷','兴和县');
INSERT INTO `io_diy_area` VALUES('95','内蒙古自治区','乌兰察布市','城关镇福瑞街民庆巷','兴和县');
INSERT INTO `io_diy_area` VALUES('96','内蒙古自治区','乌兰察布市','城关镇东梁街前进巷','兴和县');
INSERT INTO `io_diy_area` VALUES('97','内蒙古自治区','乌兰察布市','城关镇马桥街官井巷','兴和县');
INSERT INTO `io_diy_area` VALUES('98','内蒙古自治区','乌兰察布市','城关镇马桥街马桥巷','兴和县');
INSERT INTO `io_diy_area` VALUES('99','内蒙古自治区','乌兰察布市','城关镇东梁街一人巷','兴和县');
INSERT INTO `io_diy_area` VALUES('100','内蒙古自治区','乌兰察布市','城关镇福瑞街民乐巷','兴和县');
INSERT INTO `io_diy_area` VALUES('101','内蒙古自治区','乌兰察布市','城关镇马桥街西大街','兴和县');
INSERT INTO `io_diy_area` VALUES('102','内蒙古自治区','乌兰察布市','城关镇马桥街兴石路','兴和县');
INSERT INTO `io_diy_area` VALUES('103','内蒙古自治区','乌兰察布市','城关镇马桥街半道巷','兴和县');
INSERT INTO `io_diy_area` VALUES('104','内蒙古自治区','乌兰察布市','城关镇福瑞街福瑞巷','兴和县');
INSERT INTO `io_diy_area` VALUES('105','内蒙古自治区','乌兰察布市','城关镇马桥街民主巷','兴和县');
INSERT INTO `io_diy_area` VALUES('106','内蒙古自治区','乌兰察布市','城关镇东梁街东风巷','兴和县');
INSERT INTO `io_diy_area` VALUES('107','内蒙古自治区','乌兰察布市','城关镇福瑞街民兴巷','兴和县');
INSERT INTO `io_diy_area` VALUES('108','内蒙古自治区','乌兰察布市','城关镇东梁街东大街','兴和县');
INSERT INTO `io_diy_area` VALUES('109','内蒙古自治区','乌兰察布市','城关镇东梁街关井巷','兴和县');
INSERT INTO `io_diy_area` VALUES('110','内蒙古自治区','乌兰察布市','城关镇东梁街三旗巷','兴和县');
INSERT INTO `io_diy_area` VALUES('111','内蒙古自治区','乌兰察布市','城关镇福瑞街民胜巷','兴和县');
INSERT INTO `io_diy_area` VALUES('112','内蒙古自治区','乌兰察布市','城关镇东梁街立新巷','兴和县');
INSERT INTO `io_diy_area` VALUES('113','内蒙古自治区','乌兰察布市','城关镇福瑞街民利巷','兴和县');
INSERT INTO `io_diy_area` VALUES('114','内蒙古自治区','乌兰察布市','城关镇马桥街民社巷','兴和县');
INSERT INTO `io_diy_area` VALUES('115','内蒙古自治区','乌兰察布市','城关镇马桥街二道巷','兴和县');
INSERT INTO `io_diy_area` VALUES('116','内蒙古自治区','乌兰察布市','城关镇兴隆街永红巷','兴和县');
INSERT INTO `io_diy_area` VALUES('117','内蒙古自治区','乌兰察布市','城关镇西外团结大街','兴和县');
INSERT INTO `io_diy_area` VALUES('118','内蒙古自治区','乌兰察布市','城关镇福瑞街民众巷','兴和县');
INSERT INTO `io_diy_area` VALUES('119','内蒙古自治区','乌兰察布市','城关镇东梁街幸福巷','兴和县');
INSERT INTO `io_diy_area` VALUES('120','内蒙古自治区','乌兰察布市','城关镇兴隆街永乐巷','兴和县');
INSERT INTO `io_diy_area` VALUES('121','内蒙古自治区','乌兰察布市','城关镇兴隆街永胜巷','兴和县');
INSERT INTO `io_diy_area` VALUES('122','内蒙古自治区','乌兰察布市','城关镇东梁街综合巷','兴和县');
INSERT INTO `io_diy_area` VALUES('123','内蒙古自治区','乌兰察布市','城关镇赛乌素兴隆堡','兴和县');
INSERT INTO `io_diy_area` VALUES('124','内蒙古自治区','乌兰察布市','城关镇西大街西外大街','兴和县');
INSERT INTO `io_diy_area` VALUES('125','内蒙古自治区','乌兰察布市','城关镇马桥街民主二巷','兴和县');
INSERT INTO `io_diy_area` VALUES('126','内蒙古自治区','乌兰察布市','城关镇兴隆街兴隆大街','兴和县');
INSERT INTO `io_diy_area` VALUES('127','内蒙古自治区','乌兰察布市','城关镇马桥街马桥大街','兴和县');
INSERT INTO `io_diy_area` VALUES('128','内蒙古自治区','乌兰察布市','城关镇东梁街志胜恭巷','兴和县');
INSERT INTO `io_diy_area` VALUES('129','内蒙古自治区','乌兰察布市','城关镇东梁街德合店巷','兴和县');
INSERT INTO `io_diy_area` VALUES('130','内蒙古自治区','乌兰察布市','城关镇东梁街东河沿后巷','兴和县');
INSERT INTO `io_diy_area` VALUES('131','内蒙古自治区','乌兰察布市','岱海镇','凉城县');
INSERT INTO `io_diy_area` VALUES('132','内蒙古自治区','乌兰察布市','北桥路','凉城县');
INSERT INTO `io_diy_area` VALUES('133','内蒙古自治区','乌兰察布市','岱海镇西环路','凉城县');
INSERT INTO `io_diy_area` VALUES('134','内蒙古自治区','乌兰察布市','岱海镇小召村','凉城县');
INSERT INTO `io_diy_area` VALUES('135','内蒙古自治区','乌兰察布市','岱海镇参合路','凉城县');
INSERT INTO `io_diy_area` VALUES('136','内蒙古自治区','乌兰察布市','岱海镇白营村','凉城县');
INSERT INTO `io_diy_area` VALUES('137','内蒙古自治区','乌兰察布市','岱海镇解放路','凉城县');
INSERT INTO `io_diy_area` VALUES('138','内蒙古自治区','乌兰察布市','岱海镇青松路','凉城县');
INSERT INTO `io_diy_area` VALUES('139','内蒙古自治区','乌兰察布市','岱海镇海城村','凉城县');
INSERT INTO `io_diy_area` VALUES('140','内蒙古自治区','乌兰察布市','岱海镇苏义村','凉城县');
INSERT INTO `io_diy_area` VALUES('141','内蒙古自治区','乌兰察布市','岱海镇新体路','凉城县');
INSERT INTO `io_diy_area` VALUES('142','内蒙古自治区','乌兰察布市','岱海镇乡邮路','凉城县');
INSERT INTO `io_diy_area` VALUES('143','内蒙古自治区','乌兰察布市','岱海镇农艺路','凉城县');
INSERT INTO `io_diy_area` VALUES('144','内蒙古自治区','乌兰察布市','岱海镇农誉路','凉城县');
INSERT INTO `io_diy_area` VALUES('145','内蒙古自治区','乌兰察布市','岱海镇三营村','凉城县');
INSERT INTO `io_diy_area` VALUES('146','内蒙古自治区','乌兰察布市','岱海镇新华街','凉城县');
INSERT INTO `io_diy_area` VALUES('147','内蒙古自治区','乌兰察布市','岱海镇宣德街','凉城县');
INSERT INTO `io_diy_area` VALUES('148','内蒙古自治区','乌兰察布市','岱海镇光明路','凉城县');
INSERT INTO `io_diy_area` VALUES('149','内蒙古自治区','乌兰察布市','岱海镇庆阳路','凉城县');
INSERT INTO `io_diy_area` VALUES('150','内蒙古自治区','乌兰察布市','岱海镇西营村','凉城县');
INSERT INTO `io_diy_area` VALUES('151','内蒙古自治区','乌兰察布市','岱海镇旧堂村','凉城县');
INSERT INTO `io_diy_area` VALUES('152','内蒙古自治区','乌兰察布市','岱海镇酒源路','凉城县');
INSERT INTO `io_diy_area` VALUES('153','内蒙古自治区','乌兰察布市','岱海镇宁远路','凉城县');
INSERT INTO `io_diy_area` VALUES('154','内蒙古自治区','乌兰察布市','岱海镇西廂村','凉城县');
INSERT INTO `io_diy_area` VALUES('155','内蒙古自治区','乌兰察布市','岱海镇胜利路','凉城县');
INSERT INTO `io_diy_area` VALUES('156','内蒙古自治区','乌兰察布市','岱海镇新建路','凉城县');
INSERT INTO `io_diy_area` VALUES('157','内蒙古自治区','乌兰察布市','岱海镇鞍子山村','凉城县');
INSERT INTO `io_diy_area` VALUES('158','内蒙古自治区','乌兰察布市','岱海镇松树沟村','凉城县');
INSERT INTO `io_diy_area` VALUES('159','内蒙古自治区','乌兰察布市','岱海镇五苏木村','凉城县');
INSERT INTO `io_diy_area` VALUES('160','内蒙古自治区','乌兰察布市','岱海镇圆子沟村','凉城县');
INSERT INTO `io_diy_area` VALUES('161','内蒙古自治区','乌兰察布市','岱海镇井沟子村','凉城县');
INSERT INTO `io_diy_area` VALUES('162','内蒙古自治区','乌兰察布市','岱海镇杏树贝村','凉城县');
INSERT INTO `io_diy_area` VALUES('163','内蒙古自治区','乌兰察布市','岱海镇九股泉村','凉城县');
INSERT INTO `io_diy_area` VALUES('164','内蒙古自治区','乌兰察布市','岱海镇圪臭沟村','凉城县');
INSERT INTO `io_diy_area` VALUES('165','内蒙古自治区','乌兰察布市','岱海镇园子山村','凉城县');
INSERT INTO `io_diy_area` VALUES('166','内蒙古自治区','乌兰察布市','岱海镇弓沟沿村','凉城县');
INSERT INTO `io_diy_area` VALUES('167','内蒙古自治区','乌兰察布市','岱海镇兵坝营村','凉城县');
INSERT INTO `io_diy_area` VALUES('168','内蒙古自治区','乌兰察布市','岱海镇马坊滩村','凉城县');
INSERT INTO `io_diy_area` VALUES('169','内蒙古自治区','乌兰察布市','岱海镇三苏木行政村','凉城县');
INSERT INTO `io_diy_area` VALUES('170','内蒙古自治区','乌兰察布市','长顺镇胜利街','化德县');
INSERT INTO `io_diy_area` VALUES('171','内蒙古自治区','乌兰察布市','长顺镇高炉街','化德县');
INSERT INTO `io_diy_area` VALUES('172','内蒙古自治区','乌兰察布市','长顺镇长顺镇','化德县');
INSERT INTO `io_diy_area` VALUES('173','内蒙古自治区','乌兰察布市','长顺镇卫星街','化德县');
INSERT INTO `io_diy_area` VALUES('174','内蒙古自治区','乌兰察布市','长顺镇长春街','化德县');
INSERT INTO `io_diy_area` VALUES('175','内蒙古自治区','乌兰察布市','长顺镇星光街','化德县');
INSERT INTO `io_diy_area` VALUES('176','内蒙古自治区','乌兰察布市','长顺镇长顺街','化德县');
INSERT INTO `io_diy_area` VALUES('177','内蒙古自治区','乌兰察布市','长顺镇人民街','化德县');
INSERT INTO `io_diy_area` VALUES('178','内蒙古自治区','乌兰察布市','长顺镇繁荣街','化德县');
INSERT INTO `io_diy_area` VALUES('179','内蒙古自治区','乌兰察布市','长顺镇知青路','化德县');
INSERT INTO `io_diy_area` VALUES('180','内蒙古自治区','乌兰察布市','长顺镇先锋街','化德县');
INSERT INTO `io_diy_area` VALUES('181','内蒙古自治区','乌兰察布市','长顺镇民主街','化德县');
INSERT INTO `io_diy_area` VALUES('182','内蒙古自治区','乌兰察布市','长顺镇永胜北街','化德县');
INSERT INTO `io_diy_area` VALUES('183','内蒙古自治区','乌兰察布市','长顺镇永胜南街','化德县');
INSERT INTO `io_diy_area` VALUES('184','内蒙古自治区','乌兰察布市','长顺镇太平东街','化德县');
INSERT INTO `io_diy_area` VALUES('185','内蒙古自治区','乌兰察布市','长顺镇大豪北街','化德县');
INSERT INTO `io_diy_area` VALUES('186','内蒙古自治区','乌兰察布市','长顺镇太平西街','化德县');
INSERT INTO `io_diy_area` VALUES('187','内蒙古自治区','乌兰察布市','长顺镇长顺镇警民路','化德县');
INSERT INTO `io_diy_area` VALUES('188','内蒙古自治区','乌兰察布市','长顺镇长顺镇德善村','化德县');
INSERT INTO `io_diy_area` VALUES('189','内蒙古自治区','乌兰察布市','长顺镇长顺镇德义村','化德县');
INSERT INTO `io_diy_area` VALUES('190','内蒙古自治区','乌兰察布市','长顺镇长顺镇繁荣村','化德县');
INSERT INTO `io_diy_area` VALUES('191','内蒙古自治区','乌兰察布市','长顺镇长顺镇民建村','化德县');
INSERT INTO `io_diy_area` VALUES('192','内蒙古自治区','乌兰察布市','长顺镇长顺镇德胜村','化德县');
INSERT INTO `io_diy_area` VALUES('193','内蒙古自治区','乌兰察布市','长顺镇长顺镇向阳村','化德县');
INSERT INTO `io_diy_area` VALUES('194','内蒙古自治区','乌兰察布市','长顺镇长顺镇和平村','化德县');
INSERT INTO `io_diy_area` VALUES('195','内蒙古自治区','乌兰察布市','长顺镇长顺镇新富村','化德县');
INSERT INTO `io_diy_area` VALUES('196','内蒙古自治区','乌兰察布市','长顺镇长顺镇永胜村','化德县');
INSERT INTO `io_diy_area` VALUES('197','内蒙古自治区','乌兰察布市','长顺镇长顺镇民生村','化德县');
INSERT INTO `io_diy_area` VALUES('198','内蒙古自治区','乌兰察布市','长顺镇长顺镇永红村','化德县');
INSERT INTO `io_diy_area` VALUES('199','内蒙古自治区','乌兰察布市','长顺镇长顺镇星光村','化德县');
INSERT INTO `io_diy_area` VALUES('200','内蒙古自治区','乌兰察布市','长顺镇长顺镇兴元村','化德县');
INSERT INTO `io_diy_area` VALUES('201','内蒙古自治区','乌兰察布市','长顺镇长顺镇二登图村','化德县');
INSERT INTO `io_diy_area` VALUES('202','内蒙古自治区','乌兰察布市','长顺镇长顺镇三道沟村','化德县');
INSERT INTO `io_diy_area` VALUES('203','内蒙古自治区','乌兰察布市','长顺镇长顺镇刀拉胡洞村','化德县');
INSERT INTO `io_diy_area` VALUES('204','内蒙古自治区','乌兰察布市','长顺镇长顺镇昔尼乌素村','化德县');
INSERT INTO `io_diy_area` VALUES('205','内蒙古自治区','乌兰察布市','长顺镇长顺镇白音特拉村','化德县');
INSERT INTO `io_diy_area` VALUES('206','内蒙古自治区','乌兰察布市','长顺镇长顺镇卜拉乌素村','化德县');
INSERT INTO `io_diy_area` VALUES('207','内蒙古自治区','乌兰察布市','浑源夭西施沟村','丰镇市');
INSERT INTO `io_diy_area` VALUES('208','内蒙古自治区','乌兰察布市','三义泉镇山岔河村','丰镇市');
INSERT INTO `io_diy_area` VALUES('209','内蒙古自治区','乌兰察布市','三义泉镇','丰镇市');
INSERT INTO `io_diy_area` VALUES('210','内蒙古自治区','乌兰察布市','三义泉镇三义泉村','丰镇市');
INSERT INTO `io_diy_area` VALUES('211','内蒙古自治区','乌兰察布市','新城湾镇 ','丰镇市');
INSERT INTO `io_diy_area` VALUES('212','内蒙古自治区','乌兰察布市','粒峨村乡 ','丰镇市');
INSERT INTO `io_diy_area` VALUES('213','内蒙古自治区','乌兰察布市','马家囫囵乡 ','丰镇市');
INSERT INTO `io_diy_area` VALUES('214','内蒙古自治区','乌兰察布市','聚宝庄乡','丰镇市');
INSERT INTO `io_diy_area` VALUES('215','内蒙古自治区','乌兰察布市','永善庄乡','丰镇市');
INSERT INTO `io_diy_area` VALUES('216','内蒙古自治区','乌兰察布市','永善庄乡永王庄','丰镇市');
INSERT INTO `io_diy_area` VALUES('217','内蒙古自治区','乌兰察布市','永善庄乡东官村','丰镇市');
INSERT INTO `io_diy_area` VALUES('218','内蒙古自治区','乌兰察布市','红砂坝镇砂卜村','丰镇市');
INSERT INTO `io_diy_area` VALUES('219','内蒙古自治区','乌兰察布市','隆盛庄镇','丰镇市');
INSERT INTO `io_diy_area` VALUES('220','内蒙古自治区','乌兰察布市','隆庄镇南泉村','丰镇市');
INSERT INTO `io_diy_area` VALUES('221','内蒙古自治区','乌兰察布市','隆庄镇大东营村','丰镇市');
INSERT INTO `io_diy_area` VALUES('222','内蒙古自治区','乌兰察布市','隆庄镇和平村','丰镇市');
INSERT INTO `io_diy_area` VALUES('223','内蒙古自治区','乌兰察布市','新五号乡','丰镇市');
INSERT INTO `io_diy_area` VALUES('224','内蒙古自治区','乌兰察布市','黑土台镇','丰镇市');
INSERT INTO `io_diy_area` VALUES('225','内蒙古自治区','乌兰察布市','浑源夭棋杆梁村','丰镇市');
INSERT INTO `io_diy_area` VALUES('226','内蒙古自治区','乌兰察布市','新城湾二号村','丰镇市');
INSERT INTO `io_diy_area` VALUES('227','内蒙古自治区','乌兰察布市','浑源夭村 ','丰镇市');
INSERT INTO `io_diy_area` VALUES('228','内蒙古自治区','乌兰察布市','浑源窑乡','丰镇市');
INSERT INTO `io_diy_area` VALUES('229','内蒙古自治区','乌兰察布市','马家库联北五泉村','丰镇市');
INSERT INTO `io_diy_area` VALUES('230','内蒙古自治区','乌兰察布市','对九沟乡','丰镇市');
INSERT INTO `io_diy_area` VALUES('231','内蒙古自治区','乌兰察布市','新城湾镇毛渔沟村','丰镇市');
INSERT INTO `io_diy_area` VALUES('232','内蒙古自治区','乌兰察布市','新城湾镇五台洼村','丰镇市');
INSERT INTO `io_diy_area` VALUES('233','内蒙古自治区','乌兰察布市','官屯堡乡王家营村 ','丰镇市');
INSERT INTO `io_diy_area` VALUES('234','内蒙古自治区','乌兰察布市','官屯堡乡 ','丰镇市');
INSERT INTO `io_diy_area` VALUES('235','内蒙古自治区','乌兰察布市','官屯堡乡官屯堡 ','丰镇市');
INSERT INTO `io_diy_area` VALUES('236','内蒙古自治区','乌兰察布市','官屯堡乡南沟村','丰镇市');
INSERT INTO `io_diy_area` VALUES('237','内蒙古自治区','乌兰察布市','红砂坝土城村 ','丰镇市');
INSERT INTO `io_diy_area` VALUES('238','内蒙古自治区','乌兰察布市','三义泉镇','丰镇市');
INSERT INTO `io_diy_area` VALUES('239','内蒙古自治区','乌兰察布市','红砂坝镇西边墙村 ','丰镇市');
INSERT INTO `io_diy_area` VALUES('240','内蒙古自治区','乌兰察布市','红砂坝镇三义永村','丰镇市');
INSERT INTO `io_diy_area` VALUES('241','内蒙古自治区','乌兰察布市','红沙坝镇','丰镇市');
INSERT INTO `io_diy_area` VALUES('242','内蒙古自治区','乌兰察布市','马莲渠乡马莲渠村 ','集宁区');
INSERT INTO `io_diy_area` VALUES('243','内蒙古自治区','乌兰察布市','马莲渠乡 ','集宁区');
INSERT INTO `io_diy_area` VALUES('244','内蒙古自治区','乌兰察布市','马莲渠乡贾家村 ','集宁区');
INSERT INTO `io_diy_area` VALUES('245','内蒙古自治区','乌兰察布市','马莲渠乡小贲红村','集宁区');
INSERT INTO `io_diy_area` VALUES('246','内蒙古自治区','乌兰察布市','商都镇','商都县');
INSERT INTO `io_diy_area` VALUES('247','内蒙古自治区','乌兰察布市','小海子镇小海子村 ','商都县');
INSERT INTO `io_diy_area` VALUES('248','内蒙古自治区','乌兰察布市','大南坊子乡壕欠村 ','商都县');
INSERT INTO `io_diy_area` VALUES('249','内蒙古自治区','乌兰察布市','小海子镇向阳村','商都县');
INSERT INTO `io_diy_area` VALUES('250','内蒙古自治区','乌兰察布市',' 三虎地乡十大顷村 ','商都县');
INSERT INTO `io_diy_area` VALUES('251','内蒙古自治区','乌兰察布市','西坊子乡骆驼盘村 ','商都县');
INSERT INTO `io_diy_area` VALUES('252','内蒙古自治区','乌兰察布市','三面井乡小窝图村 ','商都县');
INSERT INTO `io_diy_area` VALUES('253','内蒙古自治区','乌兰察布市','大南坊子乡仝家村','商都县');
INSERT INTO `io_diy_area` VALUES('254','内蒙古自治区','乌兰察布市',' 玻璃忽境乡 ','商都县');
INSERT INTO `io_diy_area` VALUES('255','内蒙古自治区','乌兰察布市','玻璃忽镜乡超格敖包村 ','商都县');
INSERT INTO `io_diy_area` VALUES('256','内蒙古自治区','乌兰察布市','玻璃忽镜乡玻璃忽镜村 ','商都县');
INSERT INTO `io_diy_area` VALUES('257','内蒙古自治区','乌兰察布市','玻璃忽镜乡二吉淖村','商都县');
INSERT INTO `io_diy_area` VALUES('258','内蒙古自治区','乌兰察布市',' 十八顷镇胡家村 ','商都县');
INSERT INTO `io_diy_area` VALUES('259','内蒙古自治区','乌兰察布市','十八顷镇八家村 ','商都县');
INSERT INTO `io_diy_area` VALUES('260','内蒙古自治区','乌兰察布市','十八顷镇二洼村 ','商都县');
INSERT INTO `io_diy_area` VALUES('261','内蒙古自治区','乌兰察布市','十八顷镇新胜村','商都县');
INSERT INTO `io_diy_area` VALUES('262','内蒙古自治区','乌兰察布市','格化司台乡太平堡 ','商都县');
INSERT INTO `io_diy_area` VALUES('263','内蒙古自治区','乌兰察布市','格化司台乡南沟子村 ','商都县');
INSERT INTO `io_diy_area` VALUES('264','内蒙古自治区','乌兰察布市','格化司台乡三喇嘛村 ','商都县');
INSERT INTO `io_diy_area` VALUES('265','内蒙古自治区','乌兰察布市','格化司台乡赛书记村','商都县');
INSERT INTO `io_diy_area` VALUES('266','内蒙古自治区','乌兰察布市','卯都乡十二顷村 ','商都县');
INSERT INTO `io_diy_area` VALUES('267','内蒙古自治区','乌兰察布市','卯都乡西水泉村 ','商都县');
INSERT INTO `io_diy_area` VALUES('268','内蒙古自治区','乌兰察布市','卯都乡 ','商都县');
INSERT INTO `io_diy_area` VALUES('269','内蒙古自治区','乌兰察布市','卯都乡新胜村','商都县');
INSERT INTO `io_diy_area` VALUES('270','内蒙古自治区','乌兰察布市','格化司台乡芦草沟村 ','商都县');
INSERT INTO `io_diy_area` VALUES('271','内蒙古自治区','乌兰察布市','格化司台乡','商都县');
INSERT INTO `io_diy_area` VALUES('272','内蒙古自治区','乌兰察布市','格化司台乡新建村 ','商都县');
INSERT INTO `io_diy_area` VALUES('273','内蒙古自治区','乌兰察布市','格化司台乡牌楼村','商都县');
INSERT INTO `io_diy_area` VALUES('274','内蒙古自治区','乌兰察布市','屯垦队镇大补龙湾村 ','商都县');
INSERT INTO `io_diy_area` VALUES('275','内蒙古自治区','乌兰察布市','屯垦队镇','商都县');
INSERT INTO `io_diy_area` VALUES('276','内蒙古自治区','乌兰察布市','屯垦队镇黄家梁村 ','商都县');
INSERT INTO `io_diy_area` VALUES('277','内蒙古自治区','乌兰察布市','大库伦乡三胜地村','商都县');
INSERT INTO `io_diy_area` VALUES('278','内蒙古自治区','乌兰察布市','西井子镇大南坊村 ','商都县');
INSERT INTO `io_diy_area` VALUES('279','内蒙古自治区','乌兰察布市','西井子镇七邓营村 ','商都县');
INSERT INTO `io_diy_area` VALUES('280','内蒙古自治区','乌兰察布市','西井子镇 ','商都县');
INSERT INTO `io_diy_area` VALUES('281','内蒙古自治区','乌兰察布市','西井子镇七股地村','商都县');
INSERT INTO `io_diy_area` VALUES('282','内蒙古自治区','乌兰察布市',' 屯垦队镇后前海子村 ','商都县');
INSERT INTO `io_diy_area` VALUES('283','内蒙古自治区','乌兰察布市','屯垦队镇井台村 ','商都县');
INSERT INTO `io_diy_area` VALUES('284','内蒙古自治区','乌兰察布市','屯垦队镇六盆地村 ','商都县');
INSERT INTO `io_diy_area` VALUES('285','内蒙古自治区','乌兰察布市','屯垦队镇阮家村','商都县');
INSERT INTO `io_diy_area` VALUES('286','内蒙古自治区','乌兰察布市',' 小海子镇单坝营村 ','商都县');
INSERT INTO `io_diy_area` VALUES('287','内蒙古自治区','乌兰察布市','小海子镇水泉渠村 ','商都县');
INSERT INTO `io_diy_area` VALUES('288','内蒙古自治区','乌兰察布市','小海子镇三太昌村 ','商都县');
INSERT INTO `io_diy_area` VALUES('289','内蒙古自治区','乌兰察布市','梁红村','商都县');
INSERT INTO `io_diy_area` VALUES('290','内蒙古自治区','乌兰察布市','大黑沙土镇新民村 ','商都县');
INSERT INTO `io_diy_area` VALUES('291','内蒙古自治区','乌兰察布市','大黑沙土镇东十大股村 ','商都县');
INSERT INTO `io_diy_area` VALUES('292','内蒙古自治区','乌兰察布市','大黑沙土镇大黑沙土村 ','商都县');
INSERT INTO `io_diy_area` VALUES('293','内蒙古自治区','乌兰察布市','大黑沙土镇八音村','商都县');
INSERT INTO `io_diy_area` VALUES('294','内蒙古自治区','乌兰察布市','大库伦乡古城村','商都县');
INSERT INTO `io_diy_area` VALUES('295','内蒙古自治区','乌兰察布市','大库伦乡二股地村 ','商都县');
INSERT INTO `io_diy_area` VALUES('296','内蒙古自治区','乌兰察布市','大库伦乡新立村','商都县');
INSERT INTO `io_diy_area` VALUES('297','内蒙古自治区','乌兰察布市','大库伦乡新围子村','商都县');
INSERT INTO `io_diy_area` VALUES('298','内蒙古自治区','乌兰察布市','大榆树乡大榆树村 ','卓资县');
INSERT INTO `io_diy_area` VALUES('299','内蒙古自治区','乌兰察布市','六苏木镇 ','卓资县');
INSERT INTO `io_diy_area` VALUES('300','内蒙古自治区','乌兰察布市','十八台乡 ','卓资县');
INSERT INTO `io_diy_area` VALUES('301','内蒙古自治区','乌兰察布市','印堂子乡 ','卓资县');
INSERT INTO `io_diy_area` VALUES('302','内蒙古自治区','乌兰察布市','后房子乡艾耒洼村 ','卓资县');
INSERT INTO `io_diy_area` VALUES('303','内蒙古自治区','乌兰察布市','福生庄乡','卓资县');
INSERT INTO `io_diy_area` VALUES('304','内蒙古自治区','乌兰察布市','梨花镇刘光窑村 ','卓资县');
INSERT INTO `io_diy_area` VALUES('305','内蒙古自治区','乌兰察布市','旗下营镇五道洼村 ','卓资县');
INSERT INTO `io_diy_area` VALUES('306','内蒙古自治区','乌兰察布市','红召乡下股子村 ','卓资县');
INSERT INTO `io_diy_area` VALUES('307','内蒙古自治区','乌兰察布市','红召乡','卓资县');
INSERT INTO `io_diy_area` VALUES('308','内蒙古自治区','乌兰察布市','巴音锡勒镇 ','卓资县');
INSERT INTO `io_diy_area` VALUES('309','内蒙古自治区','乌兰察布市','红召乡红召村 ','卓资县');
INSERT INTO `io_diy_area` VALUES('310','内蒙古自治区','乌兰察布市','红召乡红格图村 ','卓资县');
INSERT INTO `io_diy_area` VALUES('311','内蒙古自治区','乌兰察布市','红召乡寿阳营村','卓资县');
INSERT INTO `io_diy_area` VALUES('312','内蒙古自治区','乌兰察布市',' 红召乡东卜子村 ','卓资县');
INSERT INTO `io_diy_area` VALUES('313','内蒙古自治区','乌兰察布市','红召乡东风村','卓资县');
INSERT INTO `io_diy_area` VALUES('314','内蒙古自治区','乌兰察布市','旗下营镇四道沟村 ','卓资县');
INSERT INTO `io_diy_area` VALUES('315','内蒙古自治区','乌兰察布市','旗下营镇碌碡坪村 ','卓资县');
INSERT INTO `io_diy_area` VALUES('316','内蒙古自治区','乌兰察布市','旗下营镇青山村','卓资县');
INSERT INTO `io_diy_area` VALUES('317','内蒙古自治区','乌兰察布市','梨花镇小什字村 ','卓资县');
INSERT INTO `io_diy_area` VALUES('318','内蒙古自治区','乌兰察布市','梨花镇 ','卓资县');
INSERT INTO `io_diy_area` VALUES('319','内蒙古自治区','乌兰察布市','梨花镇土城子村','卓资县');
INSERT INTO `io_diy_area` VALUES('320','内蒙古自治区','乌兰察布市','后房子乡西耒欠村 ','卓资县');
INSERT INTO `io_diy_area` VALUES('321','内蒙古自治区','乌兰察布市','后房子乡孔督营村 ','卓资县');
INSERT INTO `io_diy_area` VALUES('322','内蒙古自治区','乌兰察布市','后房子乡狮子沟村','卓资县');
INSERT INTO `io_diy_area` VALUES('323','内蒙古自治区','乌兰察布市','十八台镇下营子村 ','卓资县');
INSERT INTO `io_diy_area` VALUES('324','内蒙古自治区','乌兰察布市','十八台镇哈力盖图村 ','卓资县');
INSERT INTO `io_diy_area` VALUES('325','内蒙古自治区','乌兰察布市','十八台镇厂汉梁村','卓资县');
INSERT INTO `io_diy_area` VALUES('326','内蒙古自治区','乌兰察布市','十八台镇东营子村 ','卓资县');
INSERT INTO `io_diy_area` VALUES('327','内蒙古自治区','乌兰察布市','福生庄乡中壕赖村 ','卓资县');
INSERT INTO `io_diy_area` VALUES('328','内蒙古自治区','乌兰察布市','复印兴乡上高台村','卓资县');
INSERT INTO `io_diy_area` VALUES('329','内蒙古自治区','乌兰察布市',' 吉生太乡公合成村 ','四子王旗');
INSERT INTO `io_diy_area` VALUES('330','内蒙古自治区','乌兰察布市',' 乌兰花乡生盖营村 ','四子王旗');
INSERT INTO `io_diy_area` VALUES('331','内蒙古自治区','乌兰察布市',' 乌兰花乡 ','四子王旗');
INSERT INTO `io_diy_area` VALUES('332','内蒙古自治区','乌兰察布市',' 大黑河乡 ','四子王旗');
INSERT INTO `io_diy_area` VALUES('333','内蒙古自治区','乌兰察布市',' 东八号乡 ','四子王旗');
INSERT INTO `io_diy_area` VALUES('334','内蒙古自治区','乌兰察布市',' 活福滩乡三合泉村 ','四子王旗');
INSERT INTO `io_diy_area` VALUES('335','内蒙古自治区','乌兰察布市',' 忽鸡图乡 ','四子王旗');
INSERT INTO `io_diy_area` VALUES('336','内蒙古自治区','乌兰察布市',' 库伦图乡马安桥村 ','四子王旗');
INSERT INTO `io_diy_area` VALUES('337','内蒙古自治区','乌兰察布市',' 库伦图乡三元井村 ','四子王旗');
INSERT INTO `io_diy_area` VALUES('338','内蒙古自治区','乌兰察布市','供济堂乡厂汉此老村 ','四子王旗');
INSERT INTO `io_diy_area` VALUES('339','内蒙古自治区','乌兰察布市',' 乌兰哈达苏木 ','四子王旗');
INSERT INTO `io_diy_area` VALUES('340','内蒙古自治区','乌兰察布市',' 巴音朝克图苏木 ','四子王旗');
INSERT INTO `io_diy_area` VALUES('341','内蒙古自治区','乌兰察布市',' 查干敖包苏木 ','四子王旗');
INSERT INTO `io_diy_area` VALUES('342','内蒙古自治区','乌兰察布市',' 红格尔苏木 ','四子王旗');
INSERT INTO `io_diy_area` VALUES('343','内蒙古自治区','乌兰察布市',' 脑木梗苏木 ','四子王旗');
INSERT INTO `io_diy_area` VALUES('344','内蒙古自治区','乌兰察布市',' 卫境苏木 ','四子王旗');
INSERT INTO `io_diy_area` VALUES('345','内蒙古自治区','乌兰察布市',' 白音敖包苏木 ','四子王旗');
INSERT INTO `io_diy_area` VALUES('346','内蒙古自治区','乌兰察布市',' 白音花苏木 ','四子王旗');
INSERT INTO `io_diy_area` VALUES('347','内蒙古自治区','乌兰察布市',' 大井坡乡 ','四子王旗');
INSERT INTO `io_diy_area` VALUES('348','内蒙古自治区','乌兰察布市',' 吉生太乡吉生太村 ','四子王旗');
INSERT INTO `io_diy_area` VALUES('349','内蒙古自治区','乌兰察布市',' 巨巾号乡文都花村 ','四子王旗');
INSERT INTO `io_diy_area` VALUES('350','内蒙古自治区','乌兰察布市',' 查干布力格苏木 ','四子王旗');
INSERT INTO `io_diy_area` VALUES('351','内蒙古自治区','乌兰察布市',' 西河子乡 ','四子王旗');
INSERT INTO `io_diy_area` VALUES('352','内蒙古自治区','乌兰察布市',' 吉尔嘎郎图苏木 ','四子王旗');
INSERT INTO `io_diy_area` VALUES('353','内蒙古自治区','乌兰察布市','供济堂乡大清河村 ','四子王旗');
INSERT INTO `io_diy_area` VALUES('354','内蒙古自治区','乌兰察布市','供济堂乡双井村 ','四子王旗');
INSERT INTO `io_diy_area` VALUES('355','内蒙古自治区','乌兰察布市','供济堂乡乌兰淖村 ','四子王旗');
INSERT INTO `io_diy_area` VALUES('356','内蒙古自治区','乌兰察布市','供济堂乡柯梅村','四子王旗');
INSERT INTO `io_diy_area` VALUES('357','内蒙古自治区','乌兰察布市','巨巾号乡阿力善图村 ','四子王旗');
INSERT INTO `io_diy_area` VALUES('358','内蒙古自治区','乌兰察布市','巨巾号乡小东营村 ','四子王旗');
INSERT INTO `io_diy_area` VALUES('359','内蒙古自治区','乌兰察布市','巨巾号乡海卜子村','四子王旗');
INSERT INTO `io_diy_area` VALUES('360','内蒙古自治区','乌兰察布市','吉生太乡 ','四子王旗');
INSERT INTO `io_diy_area` VALUES('361','内蒙古自治区','乌兰察布市','吉生太乡塘坊卜子村 ','四子王旗');
INSERT INTO `io_diy_area` VALUES('362','内蒙古自治区','乌兰察布市','吉生太乡席边河村','四子王旗');
INSERT INTO `io_diy_area` VALUES('363','内蒙古自治区','乌兰察布市','供济堂乡六股村 ','四子王旗');
INSERT INTO `io_diy_area` VALUES('364','内蒙古自治区','乌兰察布市','供济堂乡 ','四子王旗');
INSERT INTO `io_diy_area` VALUES('365','内蒙古自治区','乌兰察布市','供济堂乡黄羊城村','四子王旗');
INSERT INTO `io_diy_area` VALUES('366','内蒙古自治区','乌兰察布市','库伦图乡高台村 ','四子王旗');
INSERT INTO `io_diy_area` VALUES('367','内蒙古自治区','乌兰察布市','库伦图乡头股村 ','四子王旗');
INSERT INTO `io_diy_area` VALUES('368','内蒙古自治区','乌兰察布市','库伦图朝克文都村','四子王旗');
INSERT INTO `io_diy_area` VALUES('369','内蒙古自治区','乌兰察布市',' 库伦图乡富贵村','四子王旗');
INSERT INTO `io_diy_area` VALUES('370','内蒙古自治区','乌兰察布市',' 忽鸡图乡闪丹村','四子王旗');
INSERT INTO `io_diy_area` VALUES('371','内蒙古自治区','乌兰察布市','活佛滩乡 ','四子王旗');
INSERT INTO `io_diy_area` VALUES('372','内蒙古自治区','乌兰察布市','活福滩乡赛忽洞村 ','四子王旗');
INSERT INTO `io_diy_area` VALUES('373','内蒙古自治区','乌兰察布市','活福滩乡东卜子村','四子王旗');
INSERT INTO `io_diy_area` VALUES('374','内蒙古自治区','乌兰察布市','乌兰花乡六犋牛村 ','四子王旗');
INSERT INTO `io_diy_area` VALUES('375','内蒙古自治区','乌兰察布市','乌兰花乡 ','四子王旗');
INSERT INTO `io_diy_area` VALUES('376','内蒙古自治区','乌兰察布市','乌兰花镇河北营村','四子王旗');
INSERT INTO `io_diy_area` VALUES('377','内蒙古自治区','乌兰察布市','白音察干镇三义村 ','右翼后旗');
INSERT INTO `io_diy_area` VALUES('378','内蒙古自治区','乌兰察布市','白音察干只几卜村 ','右翼后旗');
INSERT INTO `io_diy_area` VALUES('379','内蒙古自治区','乌兰察布市','白音察干镇 ','右翼后旗');
INSERT INTO `io_diy_area` VALUES('380','内蒙古自治区','乌兰察布市','白音察干镇丹岱村','右翼后旗');
INSERT INTO `io_diy_area` VALUES('381','内蒙古自治区','乌兰察布市','石窑沟乡 ','右翼后旗');
INSERT INTO `io_diy_area` VALUES('382','内蒙古自治区','乌兰察布市','哈彦忽洞苏木','右翼后旗');
INSERT INTO `io_diy_area` VALUES('383','内蒙古自治区','乌兰察布市',' 石门口乡 ','右翼后旗');
INSERT INTO `io_diy_area` VALUES('384','内蒙古自治区','乌兰察布市','哈彦忽洞苏木大井村','右翼后旗');
INSERT INTO `io_diy_area` VALUES('385','内蒙古自治区','乌兰察布市','八号地乡大西村 ','右翼后旗');
INSERT INTO `io_diy_area` VALUES('386','内蒙古自治区','乌兰察布市','土牧尔台镇团结村 ','右翼后旗');
INSERT INTO `io_diy_area` VALUES('387','内蒙古自治区','乌兰察布市','八号地乡巨井泉村 ','右翼后旗');
INSERT INTO `io_diy_area` VALUES('388','内蒙古自治区','乌兰察布市','八号地乡东宝山村','右翼后旗');
INSERT INTO `io_diy_area` VALUES('389','内蒙古自治区','乌兰察布市','乌兰哈达苏木陈家村','右翼后旗');
INSERT INTO `io_diy_area` VALUES('390','内蒙古自治区','乌兰察布市',' 乌兰哈达苏木奎树村 ','右翼后旗');
INSERT INTO `io_diy_area` VALUES('391','内蒙古自治区','乌兰察布市','红格图镇 ','右翼后旗');
INSERT INTO `io_diy_area` VALUES('392','内蒙古自治区','乌兰察布市','乌兰哈达苏木前进村','右翼后旗');
INSERT INTO `io_diy_area` VALUES('393','内蒙古自治区','乌兰察布市','大六号镇晨阳村 ','右翼后旗');
INSERT INTO `io_diy_area` VALUES('394','内蒙古自治区','乌兰察布市','贲红镇红胜村 ','右翼后旗');
INSERT INTO `io_diy_area` VALUES('395','内蒙古自治区','乌兰察布市','贲红镇玉印山村 ','右翼后旗');
INSERT INTO `io_diy_area` VALUES('396','内蒙古自治区','乌兰察布市','贲红镇建和村','右翼后旗');
INSERT INTO `io_diy_area` VALUES('397','内蒙古自治区','乌兰察布市','锡勒苏木五忽郎村 ','右翼后旗');
INSERT INTO `io_diy_area` VALUES('398','内蒙古自治区','乌兰察布市','锡勒苏木大房村 ','右翼后旗');
INSERT INTO `io_diy_area` VALUES('399','内蒙古自治区','乌兰察布市','锡勒苏木忽来报村 ','右翼后旗');
INSERT INTO `io_diy_area` VALUES('400','内蒙古自治区','乌兰察布市','锡勒苏木白音不浪村','右翼后旗');
INSERT INTO `io_diy_area` VALUES('401','内蒙古自治区','乌兰察布市','当郎忽洞苏木海卜子村 ','右翼后旗');
INSERT INTO `io_diy_area` VALUES('402','内蒙古自治区','乌兰察布市','当郎忽洞苏木任家村 ','右翼后旗');
INSERT INTO `io_diy_area` VALUES('403','内蒙古自治区','乌兰察布市','后房子村 ','右翼后旗');
INSERT INTO `io_diy_area` VALUES('404','内蒙古自治区','乌兰察布市','当郎忽洞苏木二道湾村','右翼后旗');
INSERT INTO `io_diy_area` VALUES('405','内蒙古自治区','乌兰察布市',' 芦家村 ','右翼后旗');
INSERT INTO `io_diy_area` VALUES('406','内蒙古自治区','乌兰察布市',' 韩勿拉苏木后洼村 ','右翼后旗');
INSERT INTO `io_diy_area` VALUES('407','内蒙古自治区','乌兰察布市','韩勿拉苏木宿黑蟆村 ','右翼后旗');
INSERT INTO `io_diy_area` VALUES('408','内蒙古自治区','乌兰察布市','韩勿拉苏木察汉淖村 ','右翼后旗');
INSERT INTO `io_diy_area` VALUES('409','内蒙古自治区','乌兰察布市','韩勿拉苏木石灰图村 ','右翼后旗');
INSERT INTO `io_diy_area` VALUES('410','内蒙古自治区','乌兰察布市','韩勿拉苏木亢家村','右翼后旗');
INSERT INTO `io_diy_area` VALUES('411','内蒙古自治区','乌兰察布市',' 阿贵图乡生产村 ','右翼后旗');
INSERT INTO `io_diy_area` VALUES('412','内蒙古自治区','乌兰察布市','阿贵图乡王丙村 ','右翼后旗');
INSERT INTO `io_diy_area` VALUES('413','内蒙古自治区','乌兰察布市','阿贵图乡向阳村 ','右翼后旗');
INSERT INTO `io_diy_area` VALUES('414','内蒙古自治区','乌兰察布市','阿贵图张','右翼后旗');
INSERT INTO `io_diy_area` VALUES('415','内蒙古自治区','乌兰察布市',' 土贵乌拉镇南河渠村 ','右翼前旗');
INSERT INTO `io_diy_area` VALUES('416','内蒙古自治区','乌兰察布市','土贵乌拉镇新建村 ','右翼前旗');
INSERT INTO `io_diy_area` VALUES('417','内蒙古自治区','乌兰察布市','巴音镇南夭村 ','右翼前旗');
INSERT INTO `io_diy_area` VALUES('418','内蒙古自治区','乌兰察布市','土贵乌拉镇旗','右翼前旗');
INSERT INTO `io_diy_area` VALUES('419','内蒙古自治区','乌兰察布市',' 呼和乌素乡庙沟村 ','右翼前旗');
INSERT INTO `io_diy_area` VALUES('420','内蒙古自治区','乌兰察布市','乌尔图布拉格 ','右翼前旗');
INSERT INTO `io_diy_area` VALUES('421','内蒙古自治区','乌兰察布市','大坡 ','右翼前旗');
INSERT INTO `io_diy_area` VALUES('422','内蒙古自治区','乌兰察布市','脑包沟','右翼前旗');
INSERT INTO `io_diy_area` VALUES('423','内蒙古自治区','乌兰察布市',' 呼和乌素乡大卜子村 ','右翼前旗');
INSERT INTO `io_diy_area` VALUES('424','内蒙古自治区','乌兰察布市','三岔口乡富河村','右翼前旗');
INSERT INTO `io_diy_area` VALUES('425','内蒙古自治区','乌兰察布市',' 固尔班乡','右翼前旗');
INSERT INTO `io_diy_area` VALUES('426','内蒙古自治区','乌兰察布市',' 呼和乌素乡乌兰忽洞村','右翼前旗');
INSERT INTO `io_diy_area` VALUES('427','内蒙古自治区','乌兰察布市',' 黄茂营乡 ','右翼前旗');
INSERT INTO `io_diy_area` VALUES('428','内蒙古自治区','乌兰察布市','黄茂营乡壕堑村 ','右翼前旗');
INSERT INTO `io_diy_area` VALUES('429','内蒙古自治区','乌兰察布市','黄茂营乡红胜村 ','右翼前旗');
INSERT INTO `io_diy_area` VALUES('430','内蒙古自治区','乌兰察布市','黄茂营乡西河村','右翼前旗');
INSERT INTO `io_diy_area` VALUES('431','内蒙古自治区','乌兰察布市',' 赛汉塔拉脑包沟村 ','右翼前旗');
INSERT INTO `io_diy_area` VALUES('432','内蒙古自治区','乌兰察布市','赛汉塔拉乡谷力脑包村','右翼前旗');
INSERT INTO `io_diy_area` VALUES('433','内蒙古自治区','乌兰察布市',' 赛汉塔拉南店村 ','右翼前旗');
INSERT INTO `io_diy_area` VALUES('434','内蒙古自治区','乌兰察布市','赛汉塔拉礼拜寺村','右翼前旗');
INSERT INTO `io_diy_area` VALUES('435','内蒙古自治区','乌兰察布市',' 巴音镇吉庆村','右翼前旗');
INSERT INTO `io_diy_area` VALUES('436','内蒙古自治区','乌兰察布市',' 巴音镇李英村 ','右翼前旗');
INSERT INTO `io_diy_area` VALUES('437','内蒙古自治区','乌兰察布市','巴音镇老泉村 ','右翼前旗');
INSERT INTO `io_diy_area` VALUES('438','内蒙古自治区','乌兰察布市','巴音镇土城子村','右翼前旗');
INSERT INTO `io_diy_area` VALUES('439','内蒙古自治区','乌兰察布市',' 高宏店乡九股泉村 ','右翼前旗');
INSERT INTO `io_diy_area` VALUES('440','内蒙古自治区','乌兰察布市','玫瑰营镇富贵村 ','右翼前旗');
INSERT INTO `io_diy_area` VALUES('441','内蒙古自治区','乌兰察布市','李英 ','右翼前旗');
INSERT INTO `io_diy_area` VALUES('442','内蒙古自治区','乌兰察布市','高宏店乡天和永村','右翼前旗');
INSERT INTO `io_diy_area` VALUES('443','内蒙古自治区','乌兰察布市',' 弓沟乡望爱村 ','右翼前旗');
INSERT INTO `io_diy_area` VALUES('444','内蒙古自治区','乌兰察布市','黄家村头道沟村 ','右翼前旗');
INSERT INTO `io_diy_area` VALUES('445','内蒙古自治区','乌兰察布市','黄家村乡弓沟村 ','右翼前旗');
INSERT INTO `io_diy_area` VALUES('446','内蒙古自治区','乌兰察布市','黄家村乡大河湾村','右翼前旗');
INSERT INTO `io_diy_area` VALUES('447','内蒙古自治区','乌兰察布市',' 煤窖乡韩庆坝村 ','右翼前旗');
INSERT INTO `io_diy_area` VALUES('448','内蒙古自治区','乌兰察布市','煤窑乡喇嘛村 ','右翼前旗');
INSERT INTO `io_diy_area` VALUES('449','内蒙古自治区','乌兰察布市','煤窑乡四股泉村 ','右翼前旗');
INSERT INTO `io_diy_area` VALUES('450','内蒙古自治区','乌兰察布市','煤窑乡李家村','右翼前旗');
INSERT INTO `io_diy_area` VALUES('451','内蒙古自治区','乌兰察布市',' 三岔口乡三岔口村 ','右翼前旗');
INSERT INTO `io_diy_area` VALUES('452','内蒙古自治区','乌兰察布市','三岔口乡益元兴村 ','右翼前旗');
INSERT INTO `io_diy_area` VALUES('453','内蒙古自治区','乌兰察布市','三岔口乡阿拉善村 ','右翼前旗');
INSERT INTO `io_diy_area` VALUES('454','内蒙古自治区','乌兰察布市','三岔口沙冒营村','右翼前旗');
INSERT INTO `io_diy_area` VALUES('455','内蒙古自治区','乌兰察布市',' 赛汉乡大喇嘛营村 ','右翼前旗');
INSERT INTO `io_diy_area` VALUES('456','内蒙古自治区','乌兰察布市','平地泉镇第二村 ','右翼前旗');
INSERT INTO `io_diy_area` VALUES('457','内蒙古自治区','乌兰察布市','泉脑子 ','右翼前旗');
INSERT INTO `io_diy_area` VALUES('458','内蒙古自治区','乌兰察布市','赛汉乡红富村','右翼前旗');
INSERT INTO `io_diy_area` VALUES('459','内蒙古自治区','乌兰察布市',' 头号乡巴圪那村 ','右翼中旗');
INSERT INTO `io_diy_area` VALUES('460','内蒙古自治区','乌兰察布市','头号乡石兰哈达村 ','右翼中旗');
INSERT INTO `io_diy_area` VALUES('461','内蒙古自治区','乌兰察布市','头号乡庙村 ','右翼中旗');
INSERT INTO `io_diy_area` VALUES('462','内蒙古自治区','乌兰察布市','头号乡白道梁村','右翼中旗');
INSERT INTO `io_diy_area` VALUES('463','内蒙古自治区','乌兰察布市',' 土城子乡元山子村','右翼中旗');
INSERT INTO `io_diy_area` VALUES('464','内蒙古自治区','乌兰察布市','科布尔镇第一村 ','右翼中旗');
INSERT INTO `io_diy_area` VALUES('465','内蒙古自治区','乌兰察布市','科布尔镇第三村 ','右翼中旗');
INSERT INTO `io_diy_area` VALUES('466','内蒙古自治区','乌兰察布市','大滩乡东湾子村 ','右翼中旗');
INSERT INTO `io_diy_area` VALUES('467','内蒙古自治区','乌兰察布市','头号乡兴隆泉村','右翼中旗');
INSERT INTO `io_diy_area` VALUES('468','内蒙古自治区','乌兰察布市',' 义发泉乡东滩村 ','右翼中旗');
INSERT INTO `io_diy_area` VALUES('469','内蒙古自治区','乌兰察布市','义发泉乡 ','右翼中旗');
INSERT INTO `io_diy_area` VALUES('470','内蒙古自治区','乌兰察布市','铁沙盖镇九股泉村 ','右翼中旗');
INSERT INTO `io_diy_area` VALUES('471','内蒙古自治区','乌兰察布市','铁沙盖镇西湾子村','右翼中旗');
INSERT INTO `io_diy_area` VALUES('472','内蒙古自治区','乌兰察布市',' 广益隆乡范家房村 ','右翼中旗');
INSERT INTO `io_diy_area` VALUES('473','内蒙古自治区','乌兰察布市',' 金盆乡羊场沟村 ','右翼中旗');
INSERT INTO `io_diy_area` VALUES('474','内蒙古自治区','乌兰察布市','金盆乡大珠莫太村 ','右翼中旗');
INSERT INTO `io_diy_area` VALUES('475','内蒙古自治区','乌兰察布市','金盆乡二架子村 ','右翼中旗');
INSERT INTO `io_diy_area` VALUES('476','内蒙古自治区','乌兰察布市','金盆乡转经召村邮编','右翼中旗');
INSERT INTO `io_diy_area` VALUES('477','内蒙古自治区','乌兰察布市','广益隆乡东房子村 ','右翼中旗');
INSERT INTO `io_diy_area` VALUES('478','内蒙古自治区','乌兰察布市','广益隆乡华山子村 ','右翼中旗');
INSERT INTO `io_diy_area` VALUES('479','内蒙古自治区','乌兰察布市','五号乡乌日图村 ','右翼中旗');
INSERT INTO `io_diy_area` VALUES('480','内蒙古自治区','乌兰察布市','广益隆乡纳令村','右翼中旗');
INSERT INTO `io_diy_area` VALUES('481','内蒙古自治区','乌兰察布市',' 三道沟乡 ','右翼中旗');
INSERT INTO `io_diy_area` VALUES('482','内蒙古自治区','乌兰察布市','三道沟乡合义村 ','右翼中旗');
INSERT INTO `io_diy_area` VALUES('483','内蒙古自治区','乌兰察布市','宏盘乡胜利村 ','右翼中旗');
INSERT INTO `io_diy_area` VALUES('484','内蒙古自治区','乌兰察布市','三道沟乡二道沟村','右翼中旗');
INSERT INTO `io_diy_area` VALUES('485','内蒙古自治区','乌兰察布市',' 乌兰哈页苏木 ','右翼中旗');
INSERT INTO `io_diy_area` VALUES('486','内蒙古自治区','乌兰察布市','乌兰苏木胜利村 ','右翼中旗');
INSERT INTO `io_diy_area` VALUES('487','内蒙古自治区','乌兰察布市','乌兰苏木厂一户村 ','右翼中旗');
INSERT INTO `io_diy_area` VALUES('488','内蒙古自治区','乌兰察布市','乌兰苏木苏力图村','右翼中旗');
INSERT INTO `io_diy_area` VALUES('489','内蒙古自治区','乌兰察布市',' 巴音乡 ','右翼中旗');
INSERT INTO `io_diy_area` VALUES('490','内蒙古自治区','乌兰察布市','乌素图镇赛吾素村 ','右翼中旗');
INSERT INTO `io_diy_area` VALUES('491','内蒙古自治区','乌兰察布市','巴音乡蒙独村 ','右翼中旗');
INSERT INTO `io_diy_area` VALUES('492','内蒙古自治区','乌兰察布市','乌素图镇乌素图村','右翼中旗');
INSERT INTO `io_diy_area` VALUES('493','内蒙古自治区','乌兰察布市',' 米粮局乡常胜村 ','右翼中旗');
INSERT INTO `io_diy_area` VALUES('494','内蒙古自治区','乌兰察布市','义发泉乡 ','右翼中旗');
INSERT INTO `io_diy_area` VALUES('495','内蒙古自治区','乌兰察布市','铁沙盖镇','右翼中旗');
INSERT INTO `io_diy_area` VALUES('496','内蒙古自治区','乌兰察布市',' 米粮局乡小东卜子村','右翼中旗');
INSERT INTO `io_diy_area` VALUES('497','内蒙古自治区','乌兰察布市',' 黄羊城乡大营子村 ','右翼中旗');
INSERT INTO `io_diy_area` VALUES('498','内蒙古自治区','乌兰察布市','黄羊城乡德哈泉村 ','右翼中旗');
INSERT INTO `io_diy_area` VALUES('499','内蒙古自治区','乌兰察布市','黄羊城乡东油房村 ','右翼中旗');
INSERT INTO `io_diy_area` VALUES('500','内蒙古自治区','乌兰察布市','黄羊城乡大井村','右翼中旗');
INSERT INTO `io_diy_area` VALUES('501','内蒙古自治区','乌兰察布市',' 蒙古寺乡 ','右翼中旗');
INSERT INTO `io_diy_area` VALUES('502','内蒙古自治区','乌兰察布市','头号乡韩庆沟村 ','右翼中旗');
INSERT INTO `io_diy_area` VALUES('503','内蒙古自治区','乌兰察布市','大滩乡大营村 ','右翼中旗');
INSERT INTO `io_diy_area` VALUES('504','内蒙古自治区','乌兰察布市','头号乡财务营村','右翼中旗');
INSERT INTO `io_diy_area` VALUES('505','内蒙古自治区','乌兰察布市',' 黄羊城乡 ','右翼中旗');
INSERT INTO `io_diy_area` VALUES('506','内蒙古自治区','乌兰察布市',' 广益隆乡安图村 ','右翼中旗');
INSERT INTO `io_diy_area` VALUES('507','内蒙古自治区','乌兰察布市','广益隆乡 ','右翼中旗');
INSERT INTO `io_diy_area` VALUES('508','内蒙古自治区','乌兰察布市','大滩乡大营子村 ','右翼中旗');
INSERT INTO `io_diy_area` VALUES('509','内蒙古自治区','乌兰察布市','五号乡','右翼中旗');

DROP TABLE IF EXISTS `io_diy_disease`;
CREATE TABLE `io_diy_disease` (
  `id` mediumint(8) NOT NULL AUTO_INCREMENT,
  `type` varchar(255) NOT NULL,
  `title` varchar(255) NOT NULL,
  `info` mediumtext NOT NULL,
  `number` varchar(255) NOT NULL,
  PRIMARY KEY (`id`)
) ENGINE=MyISAM AUTO_INCREMENT=4 DEFAULT CHARSET=utf8;

INSERT INTO `io_diy_disease` VALUES('2','慢性疾病','高血压','高血压','6');
INSERT INTO `io_diy_disease` VALUES('3','慢性疾病','糖尿病','糖尿病','4');

DROP TABLE IF EXISTS `io_diy_doctor`;
CREATE TABLE `io_diy_doctor` (
  `id` mediumint(8) NOT NULL AUTO_INCREMENT,
  `name` varchar(255) NOT NULL,
  `sex` varchar(255) NOT NULL,
  `minzu` varchar(255) NOT NULL,
  `phone` varchar(255) NOT NULL,
  `cardid` varchar(255) NOT NULL,
  `address` varchar(255) NOT NULL,
  `birthday` varchar(255) NOT NULL,
  `best` varchar(255) NOT NULL,
  `ranks` varchar(255) NOT NULL,
  `area` varchar(255) NOT NULL,
  `mechanism` varchar(255) NOT NULL,
  `jianjie` mediumtext NOT NULL,
  `gongzuojingyan` mediumtext NOT NULL,
  `files` mediumtext NOT NULL,
  PRIMARY KEY (`id`)
) ENGINE=MyISAM AUTO_INCREMENT=2 DEFAULT CHARSET=utf8;

INSERT INTO `io_diy_doctor` VALUES('1','胡操航','0','汉族','13526664104','410782198411261578','刘庄','1984-11-26','吃饭','三岁小孩','刘庄','刘庄医疗服务站','','','');

DROP TABLE IF EXISTS `io_diy_family`;
CREATE TABLE `io_diy_family` (
  `id` mediumint(8) NOT NULL AUTO_INCREMENT,
  `bxzt` varchar(255) NOT NULL,
  `name` varchar(255) NOT NULL,
  `avatar` varchar(255) NOT NULL,
  `realname` varchar(255) NOT NULL,
  `xingbie` varchar(255) NOT NULL,
  `birthday` varchar(255) NOT NULL,
  `minzu` varchar(255) NOT NULL,
  `phone` varchar(255) NOT NULL,
  `cardid` varchar(255) NOT NULL,
  `address` varchar(255) NOT NULL,
  `relationship` varchar(255) NOT NULL,
  `health` varchar(255) NOT NULL,
  `attribute` varchar(255) NOT NULL,
  `doctor` varchar(255) NOT NULL,
  PRIMARY KEY (`id`)
) ENGINE=MyISAM DEFAULT CHARSET=utf8;


DROP TABLE IF EXISTS `io_diy_mechanism`;
CREATE TABLE `io_diy_mechanism` (
  `id` mediumint(8) NOT NULL AUTO_INCREMENT,
  `title` varchar(255) NOT NULL,
  `address` varchar(255) NOT NULL,
  `level` varchar(255) NOT NULL,
  `contact` varchar(255) NOT NULL,
  `phone` varchar(255) NOT NULL,
  `type` varchar(255) NOT NULL,
  PRIMARY KEY (`id`)
) ENGINE=MyISAM AUTO_INCREMENT=2 DEFAULT CHARSET=utf8;

INSERT INTO `io_diy_mechanism` VALUES('1','刘庄医疗服务中心','刘庄','2','胡操航','0371-55451140','1');

DROP TABLE IF EXISTS `io_diy_message`;
CREATE TABLE `io_diy_message` (
  `id` mediumint(8) NOT NULL AUTO_INCREMENT,
  `userid` varchar(255) NOT NULL,
  `type` varchar(255) NOT NULL,
  `msg` mediumtext NOT NULL,
  `status` varchar(255) NOT NULL,
  `url` varchar(255) NOT NULL,
  `time` varchar(255) NOT NULL,
  PRIMARY KEY (`id`)
) ENGINE=MyISAM AUTO_INCREMENT=13 DEFAULT CHARSET=utf8;

INSERT INTO `io_diy_message` VALUES('1','3','1','您好，董越 医生，您辖区的居民在 2016年06月20日10:13:54 有寻医问药方面的问题咨询您，请您查看并回复。','1','/?catid=25#user13','1466388834');
INSERT INTO `io_diy_message` VALUES('2','13','1','您好，董越 医生，您辖区的居民在 2016年06月20日10:13:54 有寻医问药方面的问题咨询您，请您查看并回复。','1','/','1466388834');
INSERT INTO `io_diy_message` VALUES('3','3','1','您好，董越 医生，您辖区的居民在 2016年06月20日10:14:26 有寻医问药方面的问题咨询您，请您查看并回复。','1','/?catid=25#user13','1466388866');
INSERT INTO `io_diy_message` VALUES('4','13','1','您好，董越 医生，您辖区的居民在 2016年06月20日10:14:26 有寻医问药方面的问题咨询您，请您查看并回复。','1','/','1466388866');
INSERT INTO `io_diy_message` VALUES('5','3','1','您好，董越 医生，您辖区的居民在 2016年06月20日10:17:23 有寻医问药方面的问题咨询您，请您查看并回复。','1','/?catid=25#user13','1466389043');
INSERT INTO `io_diy_message` VALUES('6','13','1','您好，董越 医生，您辖区的居民在 2016年06月20日10:17:23 有寻医问药方面的问题咨询您，请您查看并回复。','1','/','1466389043');
INSERT INTO `io_diy_message` VALUES('7','3','2','您好，董越 医生，您辖区的居民在 2016年06月20日10:22:25 有健康问题向您提问，请及时关注他的健康状况。','1','/?id=95','1466389345');
INSERT INTO `io_diy_message` VALUES('8','13','3','您好，✨刘婷♏️Tina❤️，居民健康宝于 2016年06月20日10:22:25 收到您提交的健康问题，医生正在为您解答，请随时关注您的短信、微信或站内消息，及时查收问题答案。','1','/?id=95','1466389345');
INSERT INTO `io_diy_message` VALUES('9','13','4','您好，✨刘婷♏️Tina❤️，您于2016年06月20日10:23:03在居民健康宝提出的健康问题已经有医生回复，请注意查看。','1','/?id=95&tab=3','1466389383');
INSERT INTO `io_diy_message` VALUES('10','3','2','您好，董越 医生，您辖区的居民在 2016年06月20日10:23:59 有健康问题向您提问，请及时关注他的健康状况。','1','/?id=96','1466389439');
INSERT INTO `io_diy_message` VALUES('11','13','3','您好，✨刘婷♏️Tina❤️，居民健康宝于 2016年06月20日10:23:59 收到您提交的健康问题，医生正在为您解答，请随时关注您的短信、微信或站内消息，及时查收问题答案。','1','/?id=96','1466389439');
INSERT INTO `io_diy_message` VALUES('12','13','4','您好，✨刘婷♏️Tina❤️，您于2016年06月20日10:24:29在居民健康宝提出的健康问题已经有医生回复，请注意查看。','1','/?id=96&tab=3','1466389469');

DROP TABLE IF EXISTS `io_diy_qrcode`;
CREATE TABLE `io_diy_qrcode` (
  `id` mediumint(8) NOT NULL AUTO_INCREMENT,
  `docid` varchar(255) NOT NULL,
  `openid` varchar(255) NOT NULL,
  PRIMARY KEY (`id`)
) ENGINE=MyISAM AUTO_INCREMENT=5 DEFAULT CHARSET=utf8;

INSERT INTO `io_diy_qrcode` VALUES('1','48','o-nP-w0kJEh_owJ1NP-FrMpeAH48');
INSERT INTO `io_diy_qrcode` VALUES('2','41','o-nP-w9jca9Th5h0uqPRFtczYGH4');
INSERT INTO `io_diy_qrcode` VALUES('3','1','o-nP-w4foG3rlig4JumH0BaoOy8o');
INSERT INTO `io_diy_qrcode` VALUES('4','12','o-nP-wxA56tbA-VZVJR-wcyZL3jo');

DROP TABLE IF EXISTS `io_diy_tousu`;
CREATE TABLE `io_diy_tousu` (
  `id` mediumint(8) NOT NULL AUTO_INCREMENT,
  `uid` varchar(255) NOT NULL,
  `userid` varchar(255) NOT NULL,
  `content` mediumtext NOT NULL,
  `cid` varchar(255) NOT NULL,
  `time` varchar(255) NOT NULL,
  PRIMARY KEY (`id`)
) ENGINE=MyISAM AUTO_INCREMENT=6 DEFAULT CHARSET=utf8;

INSERT INTO `io_diy_tousu` VALUES('1','13','15','啊啊啊啊','1','1466161267');
INSERT INTO `io_diy_tousu` VALUES('3','7','5','睡觉睡觉睡觉睡觉','2','1466244218');
INSERT INTO `io_diy_tousu` VALUES('4','29','5','不知道说点什么就是想投诉试试','6','1466264554');
INSERT INTO `io_diy_tousu` VALUES('5','11','1','差评','7','1466269661');

DROP TABLE IF EXISTS `io_filters`;
CREATE TABLE `io_filters` (
  `id` tinyint(1) NOT NULL AUTO_INCREMENT,
  `title` varchar(50) NOT NULL DEFAULT '',
  `data` text NOT NULL,
  `ext` text NOT NULL,
  PRIMARY KEY (`id`)
) ENGINE=MyISAM DEFAULT CHARSET=utf8;


DROP TABLE IF EXISTS `io_form_answer`;
CREATE TABLE `io_form_answer` (
  `id` mediumint(8) NOT NULL AUTO_INCREMENT,
  `cid` mediumint(8) NOT NULL,
  `userid` mediumint(8) NOT NULL,
  `username` char(20) NOT NULL,
  `name` char(25) NOT NULL,
  `status` tinyint(2) unsigned NOT NULL DEFAULT '1',
  `time` int(10) unsigned NOT NULL DEFAULT '0',
  `ip` char(20) DEFAULT NULL,
  `content` varchar(255) NOT NULL,
  `xywyhd` mediumtext NOT NULL,
  PRIMARY KEY (`id`),
  KEY `status` (`status`),
  KEY `time` (`time`),
  KEY `userid` (`userid`),
  KEY `cid` (`cid`)
) ENGINE=MyISAM AUTO_INCREMENT=39 DEFAULT CHARSET=utf8;

INSERT INTO `io_form_answer` VALUES('38','103','0','测试医生','测试医生','1','1466409158','','如果您既往很少有类似症状发作的话，这种情况要积极到医院神经内科就诊，完善头颅的CT或核磁共振的检查排除肿瘤和颅内肿瘤等疾病引起。此外还有监测血压，完善颈椎的检查明确情况。','a:10:{s:3:\"did\";s:8:\"11556380\";s:3:\"uid\";s:5:\"11116\";s:3:\"qid\";i:105844301;s:10:\"answerdata\";s:251:\"如果您既往很少有类似症状发作的话，这种情况要积极到医院神经内科就诊，完善头颅的CT或核磁共振的检查排除肿瘤和颅内肿瘤等疾病引起。此外还有监测血压，完善颈椎的检查明确情况。\";s:5:\"dicon\";s:0:\"\";s:5:\"dname\";s:12:\"测试医生\";s:3:\"job\";s:12:\"主任医师\";s:7:\"imgfile\";s:0:\"\";s:8:\"imgfile1\";s:0:\"\";s:8:\"imgfile2\";s:0:\"\";}');
INSERT INTO `io_form_answer` VALUES('36','103','0','测试医生','测试医生','1','1466403711','','爱丽丝款到即发哈水电费','a:3:{s:3:\"qid\";s:9:\"105844301\";s:5:\"dname\";s:12:\"测试医生\";s:10:\"answerdata\";s:33:\"爱丽丝款到即发哈水电费\";}');
INSERT INTO `io_form_answer` VALUES('37','103','0','测试医生','测试医生','1','1466408783','','你好，根据您的症状主要是头痛和恶心，想呕，这种情况要考虑颅脑疾病引起，也可以有感冒等疾病引起','a:10:{s:3:\"did\";s:8:\"18732252\";s:3:\"uid\";s:5:\"11116\";s:3:\"qid\";i:105844301;s:10:\"answerdata\";s:138:\"你好，根据您的症状主要是头痛和恶心，想呕，这种情况要考虑颅脑疾病引起，也可以有感冒等疾病引起\";s:5:\"dicon\";s:0:\"\";s:5:\"dname\";s:12:\"测试医生\";s:3:\"job\";s:12:\"主任医师\";s:7:\"imgfile\";s:0:\"\";s:8:\"imgfile1\";s:0:\"\";s:8:\"imgfile2\";s:0:\"\";}');
INSERT INTO `io_form_answer` VALUES('33','96','3','1466387907','董越','1','1466389469','124.207.180.37','困困困','');
INSERT INTO `io_form_answer` VALUES('32','95','3','1466387907','董越','1','1466389383','124.207.180.37','几点几点几点','');

DROP TABLE IF EXISTS `io_form_comment`;
CREATE TABLE `io_form_comment` (
  `id` mediumint(8) NOT NULL AUTO_INCREMENT,
  `cid` mediumint(8) NOT NULL,
  `userid` mediumint(8) NOT NULL,
  `username` char(20) NOT NULL,
  `name` char(25) NOT NULL,
  `listorder` tinyint(3) unsigned NOT NULL DEFAULT '0',
  `status` tinyint(2) unsigned NOT NULL DEFAULT '1',
  `time` int(10) unsigned NOT NULL DEFAULT '0',
  `ip` char(20) DEFAULT NULL,
  `pinglunneirong` varchar(255) DEFAULT NULL,
  PRIMARY KEY (`id`),
  KEY `listorder` (`listorder`),
  KEY `status` (`status`),
  KEY `time` (`time`),
  KEY `userid` (`userid`),
  KEY `cid` (`cid`)
) ENGINE=MyISAM DEFAULT CHARSET=utf8;


DROP TABLE IF EXISTS `io_form_gestbook`;
CREATE TABLE `io_form_gestbook` (
  `id` mediumint(8) NOT NULL AUTO_INCREMENT,
  `cid` mediumint(8) NOT NULL,
  `userid` mediumint(8) NOT NULL,
  `username` char(20) NOT NULL,
  `listorder` tinyint(3) unsigned NOT NULL DEFAULT '0',
  `status` tinyint(2) unsigned NOT NULL DEFAULT '1',
  `time` int(10) unsigned NOT NULL DEFAULT '0',
  `ip` char(20) DEFAULT NULL,
  `phone` varchar(255) NOT NULL,
  `content` mediumtext NOT NULL,
  PRIMARY KEY (`id`),
  KEY `listorder` (`listorder`),
  KEY `status` (`status`),
  KEY `time` (`time`),
  KEY `userid` (`userid`),
  KEY `cid` (`cid`)
) ENGINE=MyISAM AUTO_INCREMENT=17 DEFAULT CHARSET=utf8;

INSERT INTO `io_form_gestbook` VALUES('16','0','11','1466388318','0','1','1466389396','106.121.6.191','18911962839','我的医生怎么没了');

DROP TABLE IF EXISTS `io_form_like`;
CREATE TABLE `io_form_like` (
  `id` mediumint(8) NOT NULL AUTO_INCREMENT,
  `cid` mediumint(8) NOT NULL,
  `userid` mediumint(8) NOT NULL,
  `username` char(20) NOT NULL,
  `name` char(25) NOT NULL,
  `status` tinyint(2) unsigned NOT NULL DEFAULT '1',
  `time` int(10) unsigned NOT NULL DEFAULT '0',
  `ip` char(20) DEFAULT NULL,
  `type` varchar(255) NOT NULL,
  PRIMARY KEY (`id`),
  KEY `status` (`status`),
  KEY `time` (`time`),
  KEY `userid` (`userid`),
  KEY `cid` (`cid`)
) ENGINE=MyISAM AUTO_INCREMENT=35 DEFAULT CHARSET=utf8;

INSERT INTO `io_form_like` VALUES('33','13','10','1466388043','胡操航','1','1466399550','115.60.15.117','0');
INSERT INTO `io_form_like` VALUES('34','20','11','1466388318','小辛','1','1466409235','115.60.15.117','1');
INSERT INTO `io_form_like` VALUES('27','23','5','1466387050','9.16','1','1466387377','124.207.180.37','1');
INSERT INTO `io_form_like` VALUES('28','13','1','1466386852','小辛','1','1466387562','103.254.115.115','1');
INSERT INTO `io_form_like` VALUES('29','13','2','1466386881','毛毳毳','1','1466387640','124.207.180.37','1');
INSERT INTO `io_form_like` VALUES('30','15','2','1466386881','毛毳毳','1','1466387647','124.207.180.37','1');
INSERT INTO `io_form_like` VALUES('31','23','11','1466388318','小辛','1','1466390110','103.254.115.115','0');
INSERT INTO `io_form_like` VALUES('32','12','10','1466388043','胡操航','1','1466399540','115.60.15.117','1');

DROP TABLE IF EXISTS `io_form_report`;
CREATE TABLE `io_form_report` (
  `id` mediumint(8) NOT NULL AUTO_INCREMENT,
  `cid` mediumint(8) NOT NULL,
  `userid` mediumint(8) NOT NULL,
  `username` char(20) NOT NULL,
  `name` char(20) NOT NULL COMMENT '用户姓名',
  `status` tinyint(2) unsigned NOT NULL DEFAULT '1',
  `time` int(10) unsigned NOT NULL DEFAULT '0',
  `ip` char(20) DEFAULT NULL,
  `content` mediumtext NOT NULL,
  `files` mediumtext NOT NULL,
  PRIMARY KEY (`id`),
  KEY `status` (`status`),
  KEY `time` (`time`),
  KEY `userid` (`userid`),
  KEY `cid` (`cid`)
) ENGINE=MyISAM AUTO_INCREMENT=9 DEFAULT CHARSET=utf8;


DROP TABLE IF EXISTS `io_form_share`;
CREATE TABLE `io_form_share` (
  `id` mediumint(8) NOT NULL AUTO_INCREMENT,
  `cid` mediumint(8) NOT NULL,
  `userid` mediumint(8) NOT NULL,
  `username` char(20) NOT NULL,
  `name` char(20) NOT NULL,
  `status` tinyint(2) unsigned NOT NULL DEFAULT '1',
  `time` int(10) unsigned NOT NULL DEFAULT '0',
  `ip` char(20) DEFAULT NULL,
  `content` mediumtext NOT NULL,
  PRIMARY KEY (`id`),
  KEY `status` (`status`),
  KEY `time` (`time`),
  KEY `userid` (`userid`),
  KEY `cid` (`cid`)
) ENGINE=MyISAM AUTO_INCREMENT=18 DEFAULT CHARSET=utf8;

INSERT INTO `io_form_share` VALUES('15','12','5','1466387050','9.16','1','1466387655','124.207.180.37','就视觉设计师将鸡蛋鸡蛋');
INSERT INTO `io_form_share` VALUES('16','91','3','1466387907','董越','1','1466388393','124.207.180.37','暂不最近三件的家庭前景');
INSERT INTO `io_form_share` VALUES('17','23','11','1466388318','小辛','1','1466390103','103.254.115.115','我问问');

DROP TABLE IF EXISTS `io_form_warning`;
CREATE TABLE `io_form_warning` (
  `id` mediumint(8) NOT NULL AUTO_INCREMENT,
  `cid` mediumint(8) NOT NULL,
  `userid` mediumint(8) NOT NULL,
  `username` char(20) NOT NULL,
  `name` char(25) NOT NULL,
  `status` tinyint(2) unsigned NOT NULL DEFAULT '1',
  `time` int(10) unsigned NOT NULL DEFAULT '0',
  `ip` char(20) DEFAULT NULL,
  `ssy` varchar(255) NOT NULL,
  `szy` varchar(255) NOT NULL,
  `xuetang` varchar(255) NOT NULL,
  `xdtinfo` mediumtext NOT NULL,
  `xdtpic` mediumtext NOT NULL,
  `maibo` varchar(255) NOT NULL,
  `tiwen` varchar(255) NOT NULL,
  `shengao` varchar(255) NOT NULL,
  `tizhong` varchar(255) NOT NULL,
  `BMI` varchar(255) NOT NULL,
  `yyqk` varchar(255) NOT NULL,
  `yybz` mediumtext NOT NULL,
  `hwinfo` mediumtext NOT NULL,
  `hwpic` mediumtext NOT NULL,
  `csldqk` varchar(255) NOT NULL,
  `huxi` varchar(255) NOT NULL,
  `xtpic` mediumtext NOT NULL,
  `chxt` varchar(255) NOT NULL,
  PRIMARY KEY (`id`),
  KEY `status` (`status`),
  KEY `time` (`time`),
  KEY `userid` (`userid`),
  KEY `cid` (`cid`)
) ENGINE=MyISAM AUTO_INCREMENT=8 DEFAULT CHARSET=utf8;


DROP TABLE IF EXISTS `io_member`;
CREATE TABLE `io_member` (
  `id` mediumint(8) unsigned NOT NULL AUTO_INCREMENT,
  `username` char(20) NOT NULL DEFAULT '',
  `name` varchar(255) NOT NULL COMMENT '姓名',
  `password` char(32) NOT NULL DEFAULT '',
  `phone` text NOT NULL COMMENT '手机号码',
  `userid` mediumint(8) NOT NULL COMMENT '患者归属医生ID',
  `email` varchar(100) NOT NULL,
  `avatar` varchar(255) NOT NULL DEFAULT '',
  `sex` int(11) NOT NULL COMMENT '性别 1 男 2 女',
  `age` int(11) NOT NULL DEFAULT '0' COMMENT '年龄',
  `areaid` int(11) NOT NULL COMMENT '地域id',
  `cid` int(11) NOT NULL DEFAULT '0' COMMENT '关联内容id',
  `familyid` int(11) NOT NULL DEFAULT '0' COMMENT '家庭id',
  `modelid` smallint(5) NOT NULL,
  `regdate` int(10) unsigned NOT NULL DEFAULT '0',
  `regip` varchar(50) NOT NULL,
  `status` tinyint(1) NOT NULL DEFAULT '0',
  `pid` int(11) NOT NULL DEFAULT '0' COMMENT '寻医问药id',
  PRIMARY KEY (`id`),
  UNIQUE KEY `username` (`username`)
) ENGINE=MyISAM AUTO_INCREMENT=23 DEFAULT CHARSET=utf8;

INSERT INTO `io_member` VALUES('1','1466387893','9.16','310325512','','0','1466387893@yiyi.hnzhixi.com','http://wx.qlogo.cn/mmopen/f52e0F2ED1DQWryMG7hONWFicn4GdeGpUNib3RgciczNsdfibndfVc5M8UCCicIoeRM0Qa9pia2nGibdZ8fcxHt6p5Pt5n72ZCZxYyV/0','1','0','0','0','0','7','1466387893','124.207.180.37','0','0');
INSERT INTO `io_member` VALUES('2','1466387904','9.16','790701090','13718476612','0','1466387904@yiyi.hnzhixi.com','http://wx.qlogo.cn/mmopen/f52e0F2ED1DQWryMG7hONWFicn4GdeGpUNib3RgciczNsdfibndfVc5M8UCCicIoeRM0Qa9pia2nGibdZ8fcxHt6p5Pt5n72ZCZxYyV/0','1','0','0','0','0','7','1466387904','124.207.180.37','2','0');
INSERT INTO `io_member` VALUES('3','1466387907','董越','855744893','13661393691','0','1466387907@yiyi.hnzhixi.com','http://wx.qlogo.cn/mmopen/ajNVdqHZLLBdHLbcm8T151qxRgw6PpdGwE3J6VY6Z3NherL7eJID1OksVTNicDiccUW6TuDJR4WwiaILVZ61jZpHTaK9GFALKVOPOHyHUkRtHA/0','2','0','0','0','0','7','1466387907','124.207.180.37','1','0');
INSERT INTO `io_member` VALUES('4','1466387933','✨刘婷♏️Tina❤️','649921347','15001395683','0','1466387933@yiyi.hnzhixi.com','http://wx.qlogo.cn/mmopen/DaTMC2DeAcDU3W2dwKw5n1gQer4MUHLWfJicV16jtYof7FhNcovGPoYWTBsicBVZz7Zwmickg9ZXCCfVEPUOxKwMkq9u2wsKlvq/0','2','0','0','0','0','7','1466387933','124.207.180.37','1','0');
INSERT INTO `io_member` VALUES('5','1466387934','小辛','696793905','','0','1466387934@yiyi.hnzhixi.com','http://wx.qlogo.cn/mmopen/Q3auHgzwzM7Z26pLz6dLm1Mrd0FwLTtIN8djfPicib470eWjnZTsr7O446ibtjNDnUa6ySgUjgrYPgCaiaj8F1PDQg/0','1','0','0','0','0','7','1466387934','103.254.115.115','0','0');
INSERT INTO `io_member` VALUES('6','1466387943','星叔','217482969','13700879031','0','1466387943@yiyi.hnzhixi.com','http://wx.qlogo.cn/mmopen/Q3auHgzwzM4aC6wBxodibMcggqyaaJCaOzNYHa58SWpyN64H8ick0txFHCZnQBZrcZibNqgpW6aibHekicTaRXQVOpA/0','1','0','0','0','0','7','1466387943','117.136.61.45','1','0');
INSERT INTO `io_member` VALUES('7','1466387951','星叔','510871755','13700879031','6','1466387951@yiyi.hnzhixi.com','http://wx.qlogo.cn/mmopen/Q3auHgzwzM4aC6wBxodibMcggqyaaJCaOzNYHa58SWpyN64H8ick0txFHCZnQBZrcZibNqgpW6aibHekicTaRXQVOpA/0','1','0','0','92','0','5','1466387951','117.136.61.45','1','0');
INSERT INTO `io_member` VALUES('8','1466387957','毛毳毳','436179456','13661393691','0','1466387957@yiyi.hnzhixi.com','http://wx.qlogo.cn/mmopen/ajNVdqHZLLBdHLbcm8T151qxRgw6PpdGwE3J6VY6Z3NherL7eJID1OksVTNicDiccUW6TuDJR4WwiaILVZ61jZpHTaK9GFALKVOPOHyHUkRtHA/0','1','0','0','0','0','5','1466387957','124.207.180.37','1','0');
INSERT INTO `io_member` VALUES('9','1466387961','胡操航','456956375','','0','1466387961@yiyi.hnzhixi.com','http://wx.qlogo.cn/mmopen/I1YzhXxW8YBawlvrjEY4IyVCULIFgHOZPZFeeA7ib3Tsvmq57ciaYjicK851NJf9UuNAZQYSsbmwEa5bPHpJNjvqjzmnvBo2ribC/0','1','0','0','0','0','5','1466387961','171.10.9.5','0','0');
INSERT INTO `io_member` VALUES('10','1466388043','胡操航','409906743','18003813904','0','1466388043@yiyi.hnzhixi.com','http://wx.qlogo.cn/mmopen/I1YzhXxW8YBawlvrjEY4IyVCULIFgHOZPZFeeA7ib3Tsvmq57ciaYjicK851NJf9UuNAZQYSsbmwEa5bPHpJNjvqjzmnvBo2ribC/0','1','0','0','0','0','7','1466388043','171.10.9.5','1','0');
INSERT INTO `io_member` VALUES('11','1466388318','小辛','902647942','18911962839','0','1466388318@yiyi.hnzhixi.com','http://wx.qlogo.cn/mmopen/Q3auHgzwzM7Z26pLz6dLm1Mrd0FwLTtIN8djfPicib470eWjnZTsr7O446ibtjNDnUa6ySgUjgrYPgCaiaj8F1PDQg/0','1','0','0','0','0','5','1466388318','103.254.115.115','1','0');
INSERT INTO `io_member` VALUES('12','1466388324','兰毅','78526202','13501310501','0','1466388324@yiyi.hnzhixi.com','http://wx.qlogo.cn/mmopen/I1YzhXxW8YDehwOm07mI7YhricePuBdl5wDRaBpggPGeicSZibjVLwuliae7KleicElOU0rte7ss9yKPgABNLqbibWib9Q7OxAnsHx1/0','1','0','0','0','0','7','1466388324','103.254.115.115','1','0');
INSERT INTO `io_member` VALUES('13','1466388462','✨刘婷♏️Tina❤️','63201405','15001395683','3','1466388462@yiyi.hnzhixi.com','http://wx.qlogo.cn/mmopen/DaTMC2DeAcDU3W2dwKw5n1gQer4MUHLWfJicV16jtYof7FhNcovGPoYWTBsicBVZz7Zwmickg9ZXCCfVEPUOxKwMkq9u2wsKlvq/0','1','0','0','93','0','5','1466388462','124.207.180.37','1','0');
INSERT INTO `io_member` VALUES('20','1466402569','高翰文','152665743','18810193881','0','1466402569@yiyi.hnzhixi.com','http://wx.qlogo.cn/mmopen/DaTMC2DeAcDfiaUl4Dbc8zn6ZZzUibCIh4mNiccgniazGRk9NT5x54V932CxDhL28knrr5fa4TZFm0uPp643mo2h0GOdgichiafKdB/0','1','0','0','0','0','7','1466402569','124.207.180.37','1','0');
INSERT INTO `io_member` VALUES('15','1466390444','阿基利','595054036','13261235007','0','1466390444@yiyi.hnzhixi.com','http://wx.qlogo.cn/mmopen/f52e0F2ED1DQWryMG7hONc6msxwLXmwqL3qI0eAeWOGjf2gDPpBMlq0EF9sbTfJ2VpaThk9pfhBMUQ7uiajWCoyyMvKiaOpxiaF/0','1','0','0','0','0','5','1466390444','103.254.115.115','1','0');
INSERT INTO `io_member` VALUES('16','1466390588','阿基利','281989931','13261235007','0','1466390588@yiyi.hnzhixi.com','http://wx.qlogo.cn/mmopen/f52e0F2ED1DQWryMG7hONc6msxwLXmwqL3qI0eAeWOGjf2gDPpBMlq0EF9sbTfJ2VpaThk9pfhBMUQ7uiajWCoyyMvKiaOpxiaF/0','1','0','0','0','0','7','1466390588','103.254.115.115','1','0');
INSERT INTO `io_member` VALUES('22','1466409222','胡泽玉','574226847','13718300494','48','1466409222@yiyi.hnzhixi.com','http://wx.qlogo.cn/mmopen/f52e0F2ED1DQWryMG7hONS9VRJKqnvelcJnj5jqcsrHoaZ77u4dNlrloWLXibfKic4wibiagxWGPp4YVs0PBoo1FT1FBzwOINxrl/0','1','0','0','0','0','5','1466409222','103.254.115.115','1','0');
INSERT INTO `io_member` VALUES('18','1466398946','刘庆','344712154','18611201265','0','1466398946@yiyi.hnzhixi.com','http://wx.qlogo.cn/mmopen/ajNVdqHZLLDxzBlk47bJ0O1QGXCJUA2xV3VA5htNiaqJnPCNGZBcWKWZMnVqAsgzoeTKDkEIux4lxepZGc5EFicQ/0','1','0','0','0','0','7','1466398946','124.207.180.37','1','0');
INSERT INTO `io_member` VALUES('19','1466402086','刘庆','957537095','18611201265','0','1466402086@yiyi.hnzhixi.com','http://wx.qlogo.cn/mmopen/ajNVdqHZLLDxzBlk47bJ0O1QGXCJUA2xV3VA5htNiaqJnPCNGZBcWKWZMnVqAsgzoeTKDkEIux4lxepZGc5EFicQ/0','1','0','0','0','0','5','1466402086','124.207.180.37','1','0');
INSERT INTO `io_member` VALUES('21','1466403877','高翰文','863295656','18810193881','0','1466403877@yiyi.hnzhixi.com','http://wx.qlogo.cn/mmopen/DaTMC2DeAcDfiaUl4Dbc8zn6ZZzUibCIh4mNiccgniazGRk9NT5x54V932CxDhL28knrr5fa4TZFm0uPp643mo2h0GOdgichiafKdB/0','1','0','0','0','0','5','1466403877','124.207.180.37','1','0');

DROP TABLE IF EXISTS `io_member_connect`;
CREATE TABLE `io_member_connect` (
  `uid` mediumint(9) NOT NULL,
  `openid` varchar(32) NOT NULL,
  `modelid` smallint(5) NOT NULL COMMENT '用户模型 双身份使用'
) ENGINE=MyISAM DEFAULT CHARSET=utf8;

INSERT INTO `io_member_connect` VALUES('8','o-nP-w4SEh0PmAz9F1_fDnPWCsSU','5');
INSERT INTO `io_member_connect` VALUES('2','o-nP-w4SEh0PmAz9F1_fDnPWCsSU','7');
INSERT INTO `io_member_connect` VALUES('3','o-nP-w9YpwH5rf0dgFaanye5CnTw','7');
INSERT INTO `io_member_connect` VALUES('4','o-nP-w9jca9Th5h0uqPRFtczYGH4','7');
INSERT INTO `io_member_connect` VALUES('5','o-nP-wxA56tbA-VZVJR-wcyZL3jo','7');
INSERT INTO `io_member_connect` VALUES('6','o-nP-w2VKli0dKUS3XHG6n7g6kvM','7');
INSERT INTO `io_member_connect` VALUES('7','o-nP-w2VKli0dKUS3XHG6n7g6kvM','5');
INSERT INTO `io_member_connect` VALUES('8','o-nP-w9YpwH5rf0dgFaanye5CnTw','5');
INSERT INTO `io_member_connect` VALUES('9','o-nP-w6ZVZNcK3gRpxI6pwQc9gY0','5');
INSERT INTO `io_member_connect` VALUES('10','o-nP-w6ZVZNcK3gRpxI6pwQc9gY0','7');
INSERT INTO `io_member_connect` VALUES('11','o-nP-wxA56tbA-VZVJR-wcyZL3jo','5');
INSERT INTO `io_member_connect` VALUES('12','o-nP-w4foG3rlig4JumH0BaoOy8o','7');
INSERT INTO `io_member_connect` VALUES('13','o-nP-w9jca9Th5h0uqPRFtczYGH4','5');
INSERT INTO `io_member_connect` VALUES('20','o-nP-w4JGUZ2P3kXct28vYlZMonc','7');
INSERT INTO `io_member_connect` VALUES('15','o-nP-w4APLqwFXAqJ_9_Jg7VuK08','5');
INSERT INTO `io_member_connect` VALUES('16','o-nP-w4APLqwFXAqJ_9_Jg7VuK08','7');
INSERT INTO `io_member_connect` VALUES('22','o-nP-w0kJEh_owJ1NP-FrMpeAH48','5');
INSERT INTO `io_member_connect` VALUES('18','o-nP-w7bpREnNwrrP6vu02w-5g14','7');
INSERT INTO `io_member_connect` VALUES('19','o-nP-w7bpREnNwrrP6vu02w-5g14','5');
INSERT INTO `io_member_connect` VALUES('21','o-nP-w4JGUZ2P3kXct28vYlZMonc','5');

DROP TABLE IF EXISTS `io_member_doctor`;
CREATE TABLE `io_member_doctor` (
  `id` mediumint(8) NOT NULL,
  `cardid` varchar(255) NOT NULL,
  `brithday` varchar(255) NOT NULL,
  `good` varchar(255) NOT NULL,
  `info` mediumtext NOT NULL,
  `images` mediumtext NOT NULL,
  `yssx` varchar(255) NOT NULL,
  PRIMARY KEY (`id`)
) ENGINE=MyISAM DEFAULT CHARSET=utf8;

INSERT INTO `io_member_doctor` VALUES('2','220432182837464893','1828-37-46','舒服的','属蛇','a:2:{s:7:\"fileurl\";a:1:{i:0;s:72:\"/data/upload/member/2/image/201606/b7c33e5ae6c6657170ce41363f9f4219.jpeg\";}s:8:\"filename\";a:1:{i:0;s:10:\"image.jpeg\";}}','');
INSERT INTO `io_member_doctor` VALUES('3','110105198409230000','1984-09-23','呼吸科','主治医师','a:2:{s:7:\"fileurl\";a:1:{i:0;s:71:\"/data/upload/member/3/image/201606/3ba25230da6378ebcc7a5eb282d42c77.png\";}s:8:\"filename\";a:1:{i:0;s:34:\"Screenshot_2016-06-08-16-15-40.png\";}}','基层医生');
INSERT INTO `io_member_doctor` VALUES('4','362130198810060088','1988-10-06','内科','mmmmm','a:2:{s:7:\"fileurl\";a:1:{i:0;s:71:\"/data/upload/member/4/image/201606/4c143c83e01158775f591356d183923c.jpg\";}s:8:\"filename\";a:1:{i:0;s:36:\"3467d51f964f2b5afad76a716d2c3316.jpg\";}}','基层医生');
INSERT INTO `io_member_doctor` VALUES('5','','','','','','');
INSERT INTO `io_member_doctor` VALUES('6','','','','','','基层医生');
INSERT INTO `io_member_doctor` VALUES('10','410782198411261578','1984-11-26','好多话大静','的话大静家大静大静对你的吧','a:2:{s:7:\"fileurl\";a:1:{i:0;s:73:\"/data/upload/member/10/image/201606/298a362f25397db83f2baabe8e6a7bd7.jpeg\";}s:8:\"filename\";a:1:{i:0;s:10:\"image.jpeg\";}}','');
INSERT INTO `io_member_doctor` VALUES('12','511528197501027895','1975-01-02','神经病','华佗再世','a:2:{s:7:\"fileurl\";a:1:{i:0;s:72:\"/data/upload/member/12/image/201606/1d3f4261e2cbd7e1ac4d3625215c3d1b.jpg\";}s:8:\"filename\";a:1:{i:0;s:26:\"microMsg.1438167778614.jpg\";}}','');
INSERT INTO `io_member_doctor` VALUES('20','','','','','','基层医生');
INSERT INTO `io_member_doctor` VALUES('16','','','','','','');
INSERT INTO `io_member_doctor` VALUES('18','','','','','','基层医生');

DROP TABLE IF EXISTS `io_member_geren`;
CREATE TABLE `io_member_geren` (
  `id` mediumint(8) NOT NULL,
  PRIMARY KEY (`id`)
) ENGINE=MyISAM DEFAULT CHARSET=utf8;

INSERT INTO `io_member_geren` VALUES('7');
INSERT INTO `io_member_geren` VALUES('8');
INSERT INTO `io_member_geren` VALUES('9');
INSERT INTO `io_member_geren` VALUES('11');
INSERT INTO `io_member_geren` VALUES('13');
INSERT INTO `io_member_geren` VALUES('15');
INSERT INTO `io_member_geren` VALUES('17');
INSERT INTO `io_member_geren` VALUES('19');
INSERT INTO `io_member_geren` VALUES('21');
INSERT INTO `io_member_geren` VALUES('22');

DROP TABLE IF EXISTS `io_model`;
CREATE TABLE `io_model` (
  `modelid` smallint(5) unsigned NOT NULL AUTO_INCREMENT,
  `typeid` tinyint(3) NOT NULL,
  `modelname` char(30) NOT NULL,
  `tablename` char(20) NOT NULL,
  `listtpl` varchar(30) NOT NULL,
  `showtpl` varchar(30) NOT NULL,
  `joinid` smallint(5) DEFAULT NULL,
  `setting` text,
  PRIMARY KEY (`modelid`),
  KEY `typeid` (`typeid`),
  KEY `joinid` (`joinid`)
) ENGINE=MyISAM AUTO_INCREMENT=26 DEFAULT CHARSET=utf8;

INSERT INTO `io_model` VALUES('1','1','文章模型','content_news','list_news.html','show_news.html','0','a:1:{s:7:\"default\";a:6:{s:5:\"title\";a:2:{s:4:\"name\";s:6:\"标题\";s:4:\"show\";s:1:\"1\";}s:8:\"keywords\";a:2:{s:4:\"name\";s:9:\"关键字\";s:4:\"show\";s:1:\"1\";}s:5:\"thumb\";a:2:{s:4:\"name\";s:9:\"缩略图\";s:4:\"show\";s:1:\"1\";}s:11:\"description\";a:2:{s:4:\"name\";s:6:\"描述\";s:4:\"show\";s:1:\"1\";}s:4:\"time\";a:2:{s:4:\"name\";s:12:\"发布时间\";s:4:\"show\";s:1:\"1\";}s:4:\"hits\";a:2:{s:4:\"name\";s:9:\"阅读数\";s:4:\"show\";s:1:\"1\";}}}');
INSERT INTO `io_model` VALUES('13','1','问答模型','content_ask','list_ask.html','show_ask.html','0','a:1:{s:7:\"default\";a:6:{s:5:\"title\";a:2:{s:4:\"name\";s:6:\"标题\";s:4:\"show\";s:1:\"1\";}s:8:\"keywords\";a:2:{s:4:\"name\";s:9:\"关键字\";s:4:\"show\";s:1:\"0\";}s:5:\"thumb\";a:2:{s:4:\"name\";s:9:\"缩略图\";s:4:\"show\";s:1:\"0\";}s:11:\"description\";a:2:{s:4:\"name\";s:6:\"描述\";s:4:\"show\";s:1:\"0\";}s:4:\"time\";a:2:{s:4:\"name\";s:12:\"发布时间\";s:4:\"show\";s:1:\"1\";}s:4:\"hits\";a:2:{s:4:\"name\";s:9:\"阅读数\";s:4:\"show\";s:1:\"0\";}}}');
INSERT INTO `io_model` VALUES('3','3','意见反馈','form_gestbook','list_gestbook.html','form_gestbook.html','0','a:1:{s:4:\"form\";a:8:{s:4:\"post\";s:1:\"1\";s:3:\"num\";s:1:\"0\";s:4:\"time\";s:0:\"\";s:5:\"check\";s:1:\"0\";s:4:\"code\";s:1:\"0\";s:6:\"member\";s:1:\"0\";s:4:\"show\";a:2:{i:0;s:5:\"phone\";i:1;s:7:\"content\";}s:10:\"membershow\";a:2:{i:0;s:5:\"phone\";i:1;s:7:\"content\";}}}');
INSERT INTO `io_model` VALUES('4','3','文章评论@(废弃 与 分享合并)','form_comment','list_comment.html','form.html','0','a:1:{s:4:\"form\";a:8:{s:4:\"post\";s:1:\"0\";s:3:\"num\";s:1:\"0\";s:4:\"time\";s:0:\"\";s:5:\"check\";s:1:\"0\";s:4:\"code\";s:1:\"0\";s:6:\"member\";s:1:\"0\";s:4:\"show\";a:1:{i:0;s:14:\"pinglunneirong\";}s:10:\"membershow\";a:1:{i:0;s:14:\"pinglunneirong\";}}}');
INSERT INTO `io_model` VALUES('5','2','居民','member_geren','list_geren.html','show_geren.html','0','');
INSERT INTO `io_model` VALUES('6','4','自动内链@(废弃)','autolink','list_autolink.html','show_autolink.html','0','a:1:{s:4:\"form\";a:1:{s:4:\"show\";a:3:{i:0;s:3:\"url\";i:1;s:7:\"keyword\";i:2;s:4:\"rank\";}}}');
INSERT INTO `io_model` VALUES('7','2','医生','member_doctor','list_doctor.html','show_doctor.html','0','');
INSERT INTO `io_model` VALUES('8','4','疾病管理','diy_disease','list_disease.html','show_disease.html','0','a:1:{s:4:\"form\";a:1:{s:4:\"show\";a:4:{i:0;s:4:\"type\";i:1;s:5:\"title\";i:2;s:4:\"info\";i:3;s:6:\"number\";}}}');
INSERT INTO `io_model` VALUES('9','4','地域管理','diy_area','list_area.html','show_area.html','0','a:1:{s:4:\"form\";a:1:{s:4:\"show\";a:5:{i:0;s:8:\"province\";i:1;s:4:\"city\";i:2;s:6:\"county\";i:3;s:5:\"towns\";i:4;s:7:\"village\";}}}');
INSERT INTO `io_model` VALUES('10','4','医疗机构','diy_mechanism','list_mechanism.html','show_mechanism.html','0','a:1:{s:4:\"form\";a:1:{s:4:\"show\";a:6:{i:0;s:5:\"title\";i:1;s:7:\"address\";i:2;s:5:\"level\";i:3;s:7:\"contact\";i:4;s:5:\"phone\";i:5;s:4:\"type\";}}}');
INSERT INTO `io_model` VALUES('11','4','医生管理','diy_doctor','list_doctor.html','show_doctor.html','0','a:1:{s:4:\"form\";a:1:{s:4:\"show\";a:6:{i:0;s:4:\"name\";i:1;s:3:\"sex\";i:2;s:5:\"minzu\";i:3;s:5:\"phone\";i:4;s:4:\"area\";i:5;s:9:\"mechanism\";}}}');
INSERT INTO `io_model` VALUES('12','4','家庭管理@(废弃)','diy_family','list_family.html','show_family.html','0','a:1:{s:4:\"form\";a:1:{s:4:\"show\";a:14:{i:0;s:4:\"bxzt\";i:1;s:4:\"name\";i:2;s:6:\"avatar\";i:3;s:8:\"realname\";i:4;s:7:\"xingbie\";i:5;s:8:\"birthday\";i:6;s:5:\"minzu\";i:7;s:5:\"phone\";i:8;s:6:\"cardid\";i:9;s:7:\"address\";i:10;s:12:\"relationship\";i:11;s:6:\"health\";i:12;s:9:\"attribute\";i:13;s:6:\"doctor\";}}}');
INSERT INTO `io_model` VALUES('14','3','问诊回答','form_answer','list_answer.html','form.html','13','a:1:{s:4:\"form\";a:8:{s:4:\"post\";s:1:\"0\";s:3:\"num\";s:1:\"0\";s:4:\"time\";s:0:\"\";s:5:\"check\";s:1:\"0\";s:4:\"code\";s:1:\"0\";s:6:\"member\";s:1:\"1\";s:4:\"show\";a:1:{i:0;s:7:\"content\";}s:10:\"membershow\";a:1:{i:0;s:7:\"content\";}}}');
INSERT INTO `io_model` VALUES('16','3','分享内容','form_share','list_share.html','form.html','1','a:1:{s:4:\"form\";a:8:{s:4:\"post\";s:1:\"1\";s:3:\"num\";s:1:\"1\";s:4:\"time\";s:0:\"\";s:5:\"check\";s:1:\"0\";s:4:\"code\";s:1:\"0\";s:6:\"member\";s:1:\"1\";s:4:\"show\";a:1:{i:0;s:7:\"content\";}s:10:\"membershow\";a:1:{i:0;s:7:\"content\";}}}');
INSERT INTO `io_model` VALUES('17','3','点赞功能','form_like','list_like.html','form.html','1','a:1:{s:4:\"form\";a:8:{s:4:\"post\";s:1:\"1\";s:3:\"num\";s:1:\"1\";s:4:\"time\";s:0:\"\";s:5:\"check\";s:1:\"0\";s:4:\"code\";s:1:\"0\";s:6:\"member\";s:1:\"0\";s:4:\"show\";a:1:{i:0;s:4:\"type\";}s:10:\"membershow\";a:1:{i:0;s:4:\"type\";}}}');
INSERT INTO `io_model` VALUES('18','1','培训信息','content_learning','list_learning.html','show_learning.html','0','a:1:{s:7:\"default\";a:6:{s:5:\"title\";a:2:{s:4:\"name\";s:6:\"标题\";s:4:\"show\";s:1:\"1\";}s:8:\"keywords\";a:2:{s:4:\"name\";s:9:\"关键字\";s:4:\"show\";s:1:\"1\";}s:5:\"thumb\";a:2:{s:4:\"name\";s:9:\"缩略图\";s:4:\"show\";s:1:\"1\";}s:11:\"description\";a:2:{s:4:\"name\";s:6:\"描述\";s:4:\"show\";s:1:\"1\";}s:4:\"time\";a:2:{s:4:\"name\";s:12:\"发布时间\";s:4:\"show\";s:1:\"1\";}s:4:\"hits\";a:2:{s:4:\"name\";s:9:\"阅读数\";s:4:\"show\";s:1:\"1\";}}}');
INSERT INTO `io_model` VALUES('19','1','居民模型','content_users','list_users.html','show_users.html','','a:1:{s:7:\"default\";a:6:{s:5:\"title\";a:2:{s:4:\"name\";s:6:\"标题\";s:4:\"show\";s:1:\"1\";}s:8:\"keywords\";a:2:{s:4:\"name\";s:9:\"关键字\";s:4:\"show\";s:1:\"0\";}s:5:\"thumb\";a:2:{s:4:\"name\";s:9:\"缩略图\";s:4:\"show\";s:1:\"1\";}s:11:\"description\";a:2:{s:4:\"name\";s:6:\"描述\";s:4:\"show\";s:1:\"1\";}s:4:\"time\";a:2:{s:4:\"name\";s:12:\"发布时间\";s:4:\"show\";s:1:\"1\";}s:4:\"hits\";a:2:{s:4:\"name\";s:9:\"阅读数\";s:4:\"show\";s:1:\"0\";}}}');
INSERT INTO `io_model` VALUES('20','3','体检结果','form_report','list_report.html','form.html','19','a:1:{s:4:\"form\";a:8:{s:4:\"post\";s:1:\"1\";s:3:\"num\";s:1:\"0\";s:4:\"time\";s:0:\"\";s:5:\"check\";s:1:\"0\";s:4:\"code\";s:1:\"0\";s:6:\"member\";s:1:\"0\";s:4:\"show\";a:2:{i:0;s:7:\"content\";i:1;s:5:\"files\";}s:10:\"membershow\";a:2:{i:0;s:7:\"content\";i:1;s:5:\"files\";}}}');
INSERT INTO `io_model` VALUES('21','4','广告','diy_ad','list_ad.html','show_ad.html','','a:1:{s:4:\"form\";a:1:{s:4:\"show\";a:3:{i:0;s:12:\"lianjiedizhi\";i:1;s:4:\"info\";i:2;s:4:\"type\";}}}');
INSERT INTO `io_model` VALUES('22','4','消息提醒','diy_message','list_message.html','show_message.html','','a:1:{s:4:\"form\";a:1:{s:4:\"show\";a:5:{i:0;s:6:\"userid\";i:1;s:4:\"type\";i:2;s:3:\"msg\";i:3;s:6:\"status\";i:4;s:3:\"url\";}}}');
INSERT INTO `io_model` VALUES('23','3','健康预警','form_warning','list_warning.html','warning.html','19','a:1:{s:4:\"form\";a:8:{s:4:\"post\";s:1:\"0\";s:3:\"num\";s:1:\"0\";s:4:\"time\";s:0:\"\";s:5:\"check\";s:1:\"0\";s:4:\"code\";s:1:\"0\";s:6:\"member\";s:1:\"0\";s:4:\"show\";a:14:{i:0;s:3:\"ssy\";i:1;s:3:\"szy\";i:2;s:7:\"xuetang\";i:3;s:7:\"xdtinfo\";i:4;s:5:\"maibo\";i:5;s:5:\"tiwen\";i:6;s:7:\"shengao\";i:7;s:7:\"tizhong\";i:8;s:3:\"BMI\";i:9;s:4:\"yyqk\";i:10;s:4:\"yybz\";i:11;s:6:\"hwinfo\";i:12;s:4:\"huxi\";i:13;s:4:\"chxt\";}s:10:\"membershow\";a:14:{i:0;s:3:\"ssy\";i:1;s:3:\"szy\";i:2;s:7:\"xuetang\";i:3;s:7:\"xdtinfo\";i:4;s:5:\"maibo\";i:5;s:5:\"tiwen\";i:6;s:7:\"shengao\";i:7;s:7:\"tizhong\";i:8;s:3:\"BMI\";i:9;s:4:\"yyqk\";i:10;s:4:\"yybz\";i:11;s:6:\"hwinfo\";i:12;s:4:\"huxi\";i:13;s:4:\"chxt\";}}}');
INSERT INTO `io_model` VALUES('24','4','居民投诉','diy_tousu','list_tousu.html','show_tousu.html','','a:1:{s:4:\"form\";a:1:{s:4:\"show\";a:5:{i:0;s:3:\"uid\";i:1;s:6:\"userid\";i:2;s:7:\"content\";i:3;s:3:\"cid\";i:4;s:4:\"time\";}}}');
INSERT INTO `io_model` VALUES('25','4','二维码关系表','diy_qrcode','list_qrcode.html','show_qrcode.html','','a:1:{s:4:\"form\";a:1:{s:4:\"show\";a:2:{i:0;s:5:\"docid\";i:1;s:6:\"openid\";}}}');

DROP TABLE IF EXISTS `io_model_field`;
CREATE TABLE `io_model_field` (
  `fieldid` mediumint(8) unsigned NOT NULL AUTO_INCREMENT,
  `modelid` smallint(5) unsigned NOT NULL DEFAULT '0',
  `field` varchar(20) NOT NULL,
  `name` varchar(30) NOT NULL,
  `isshow` tinyint(1) unsigned NOT NULL DEFAULT '1',
  `tips` text NOT NULL,
  `pattern` varchar(255) NOT NULL,
  `errortips` varchar(255) NOT NULL,
  `formtype` varchar(20) NOT NULL,
  `inputtype` varchar(20) NOT NULL COMMENT '前段表现类型',
  `setting` mediumtext NOT NULL,
  `listorder` mediumint(8) unsigned NOT NULL DEFAULT '0',
  `disabled` tinyint(1) unsigned NOT NULL DEFAULT '0',
  PRIMARY KEY (`fieldid`),
  KEY `modelid` (`modelid`)
) ENGINE=MyISAM AUTO_INCREMENT=132 DEFAULT CHARSET=utf8;

INSERT INTO `io_model_field` VALUES('1','1','content','内容','1','','','','editor','','a:4:{s:7:\"toolbar\";s:1:\"1\";s:5:\"width\";s:3:\"700\";s:6:\"height\";s:3:\"450\";s:12:\"defaultvalue\";s:0:\"\";}','0','0');
INSERT INTO `io_model_field` VALUES('57','13','content','内容 ','1','','','','editor','','','0','0');
INSERT INTO `io_model_field` VALUES('58','14','content','回答内容','1','','1','','input','','a:2:{s:4:\"size\";s:3:\"180\";s:12:\"defaultvalue\";s:0:\"\";}','0','0');
INSERT INTO `io_model_field` VALUES('60','13','files','问诊附件','1','上传最近在医院或诊所的检查结果和处方等','','','files','','a:3:{s:4:\"type\";s:16:\"gif,png,jpg,jpeg\";s:7:\"preview\";s:1:\"1\";s:4:\"size\";s:1:\"2\";}','0','0');
INSERT INTO `io_model_field` VALUES('62','16','content','分享感言','1','','1','','textarea','','a:3:{s:5:\"width\";s:3:\"100\";s:6:\"height\";s:2:\"46\";s:12:\"defaultvalue\";s:0:\"\";}','0','0');
INSERT INTO `io_model_field` VALUES('67','3','phone','手机号','1','','','','input','','a:2:{s:4:\"size\";s:3:\"180\";s:12:\"defaultvalue\";s:0:\"\";}','0','0');
INSERT INTO `io_model_field` VALUES('68','3','content','建议内容','1','','1','','textarea','','a:3:{s:5:\"width\";s:3:\"650\";s:6:\"height\";s:2:\"46\";s:12:\"defaultvalue\";s:0:\"\";}','0','0');
INSERT INTO `io_model_field` VALUES('6','4','pinglunneirong','评论内容','1','','1','评论内容不能为空','textarea','','a:3:{s:5:\"width\";s:3:\"400\";s:6:\"height\";s:2:\"90\";s:12:\"defaultvalue\";s:0:\"\";}','0','0');
INSERT INTO `io_model_field` VALUES('7','6','url','链接地址','1','请输入链接网址或者相对路径','1','请输入正确的链接地址','input','','a:2:{s:4:\"size\";s:3:\"200\";s:12:\"defaultvalue\";s:0:\"\";}','0','0');
INSERT INTO `io_model_field` VALUES('8','6','keyword','关键词','1','请输入要增加内链的关键词','1','关键词不能为空','input','','a:2:{s:4:\"size\";s:3:\"180\";s:12:\"defaultvalue\";s:0:\"\";}','0','0');
INSERT INTO `io_model_field` VALUES('9','6','rank','权重','1','','/^[0-9-]+$/','','input','','a:2:{s:4:\"size\";s:3:\"180\";s:12:\"defaultvalue\";s:1:\"0\";}','0','0');
INSERT INTO `io_model_field` VALUES('10','6','target','打开方式','1','选择链接打开方式','','','radio','','a:2:{s:7:\"content\";s:14:\"新建窗口|1\";s:12:\"defaultvalue\";s:0:\"\";}','3','0');
INSERT INTO `io_model_field` VALUES('11','6','num','替换次数','1','请输入替换的最大次数','/^[0-9.-]+$/','只能是数字','input','','a:2:{s:4:\"size\";s:3:\"180\";s:12:\"defaultvalue\";s:1:\"1\";}','0','0');
INSERT INTO `io_model_field` VALUES('12','8','type','疾病种类','1','请选择疾病种类','1','','radio','','a:2:{s:7:\"content\";s:29:\"慢性疾病\r\n非慢性疾病\";s:12:\"defaultvalue\";s:15:\"传染性疾病\";}','0','0');
INSERT INTO `io_model_field` VALUES('13','8','title','疾病名称','1','请输入疾病名称','1','疾病名称不能为空','input','','a:2:{s:4:\"size\";s:3:\"180\";s:12:\"defaultvalue\";s:0:\"\";}','0','0');
INSERT INTO `io_model_field` VALUES('14','8','info','疾病描述','1','','','','editor','','a:5:{s:7:\"toolbar\";s:1:\"0\";s:5:\"items\";s:0:\"\";s:5:\"width\";s:3:\"680\";s:6:\"height\";s:3:\"300\";s:12:\"defaultvalue\";s:0:\"\";}','0','0');
INSERT INTO `io_model_field` VALUES('16','9','province','省份','1','','1','','input','','a:2:{s:4:\"size\";s:3:\"180\";s:12:\"defaultvalue\";s:0:\"\";}','6','0');
INSERT INTO `io_model_field` VALUES('17','9','city','城市','1','','1','','input','','a:2:{s:4:\"size\";s:3:\"180\";s:12:\"defaultvalue\";s:0:\"\";}','5','0');
INSERT INTO `io_model_field` VALUES('110','23','csldqk','从事劳动情况','1','','','','radio','','a:2:{s:7:\"content\";s:43:\"不能从事\r\n轻体力工作\r\n正常劳动\";s:12:\"defaultvalue\";s:0:\"\";}','0','0');
INSERT INTO `io_model_field` VALUES('19','9','village','行政村','1','','1','','input','','a:2:{s:4:\"size\";s:3:\"180\";s:12:\"defaultvalue\";s:0:\"\";}','2','0');
INSERT INTO `io_model_field` VALUES('20','9','county','区县','1','','1','','input','','a:2:{s:4:\"size\";s:3:\"180\";s:12:\"defaultvalue\";s:0:\"\";}','4','0');
INSERT INTO `io_model_field` VALUES('21','10','title','机构名称','1','','1','','input','','a:2:{s:4:\"size\";s:3:\"180\";s:12:\"defaultvalue\";s:0:\"\";}','0','0');
INSERT INTO `io_model_field` VALUES('22','10','address','地址','1','','1','','input','','a:2:{s:4:\"size\";s:3:\"180\";s:12:\"defaultvalue\";s:0:\"\";}','0','0');
INSERT INTO `io_model_field` VALUES('23','10','level','等级','1','','1','','select','','a:2:{s:7:\"content\";s:28:\"一级|1\r\n二级|2\r\n三级|3\";s:12:\"defaultvalue\";s:0:\"\";}','0','0');
INSERT INTO `io_model_field` VALUES('24','10','contact','联系人','1','','1','','input','','a:2:{s:4:\"size\";s:3:\"180\";s:12:\"defaultvalue\";s:0:\"\";}','0','0');
INSERT INTO `io_model_field` VALUES('25','10','phone','联系电话','1','','/^[0-9-]{6,13}||^(1)[0-9]{10}$/','','input','','a:2:{s:4:\"size\";s:3:\"180\";s:12:\"defaultvalue\";s:0:\"\";}','0','0');
INSERT INTO `io_model_field` VALUES('26','10','type','属性','1','','','','select','','a:2:{s:7:\"content\";s:18:\"公立|0\r\n私立|1\";s:12:\"defaultvalue\";s:0:\"\";}','0','0');
INSERT INTO `io_model_field` VALUES('27','11','name','姓名','1','','1','','input','','a:2:{s:4:\"size\";s:3:\"180\";s:12:\"defaultvalue\";s:0:\"\";}','0','0');
INSERT INTO `io_model_field` VALUES('28','11','sex','性别','1','','1','','radio','','a:2:{s:7:\"content\";s:12:\"男|0\r\n女|1\";s:12:\"defaultvalue\";s:1:\"0\";}','0','0');
INSERT INTO `io_model_field` VALUES('29','11','minzu','民族','1','','1','','input','','a:2:{s:4:\"size\";s:3:\"180\";s:12:\"defaultvalue\";s:0:\"\";}','0','0');
INSERT INTO `io_model_field` VALUES('30','11','phone','手机号','1','','/^(1)[0-9]{10}$/','','input','','a:2:{s:4:\"size\";s:3:\"180\";s:12:\"defaultvalue\";s:0:\"\";}','0','0');
INSERT INTO `io_model_field` VALUES('31','11','cardid','身份证号码','1','','1','','input','','a:2:{s:4:\"size\";s:3:\"180\";s:12:\"defaultvalue\";s:0:\"\";}','0','0');
INSERT INTO `io_model_field` VALUES('32','11','address','家庭地址','1','','1','','input','','a:2:{s:4:\"size\";s:3:\"180\";s:12:\"defaultvalue\";s:0:\"\";}','0','0');
INSERT INTO `io_model_field` VALUES('33','11','birthday','出生日期','1','','1','','date','','a:1:{s:4:\"type\";s:10:\"yyyy-MM-dd\";}','0','0');
INSERT INTO `io_model_field` VALUES('34','11','best','擅长','1','','1','','input','','a:2:{s:4:\"size\";s:3:\"180\";s:12:\"defaultvalue\";s:0:\"\";}','0','0');
INSERT INTO `io_model_field` VALUES('35','11','ranks','职称','1','','1','','input','','a:2:{s:4:\"size\";s:3:\"180\";s:12:\"defaultvalue\";s:0:\"\";}','0','0');
INSERT INTO `io_model_field` VALUES('36','11','area','负责区域','1','','1','','input','','a:2:{s:4:\"size\";s:3:\"180\";s:12:\"defaultvalue\";s:0:\"\";}','0','0');
INSERT INTO `io_model_field` VALUES('37','11','mechanism','所在医院/卫生室','1','','1','','input','','a:2:{s:4:\"size\";s:3:\"180\";s:12:\"defaultvalue\";s:0:\"\";}','0','0');
INSERT INTO `io_model_field` VALUES('38','11','jianjie','简介','1','','','','editor','','a:5:{s:7:\"toolbar\";s:1:\"0\";s:5:\"items\";s:0:\"\";s:5:\"width\";s:3:\"680\";s:6:\"height\";s:3:\"300\";s:12:\"defaultvalue\";s:0:\"\";}','0','0');
INSERT INTO `io_model_field` VALUES('39','11','gongzuojingyan','工作经验','1','','','','editor','','a:5:{s:7:\"toolbar\";s:1:\"0\";s:5:\"items\";s:0:\"\";s:5:\"width\";s:3:\"680\";s:6:\"height\";s:3:\"300\";s:12:\"defaultvalue\";s:0:\"\";}','0','0');
INSERT INTO `io_model_field` VALUES('40','11','files','证书','1','','','','files','','a:3:{s:4:\"type\";s:11:\"gif,png,jpg\";s:7:\"preview\";s:1:\"1\";s:4:\"size\";s:1:\"2\";}','0','0');
INSERT INTO `io_model_field` VALUES('41','12','bxzt','保险状态','1','','1','','radio','','a:2:{s:7:\"content\";s:31:\"新农合|1\r\n社保|2\r\n商保|3\";s:12:\"defaultvalue\";s:1:\"1\";}','0','0');
INSERT INTO `io_model_field` VALUES('42','12','name','户主姓名','1','','1','','input','','a:2:{s:4:\"size\";s:3:\"180\";s:12:\"defaultvalue\";s:0:\"\";}','0','0');
INSERT INTO `io_model_field` VALUES('44','12','avatar','头像','1','','1','','file','','a:3:{s:4:\"type\";s:11:\"gif,png,jpg\";s:7:\"preview\";s:1:\"0\";s:4:\"size\";s:1:\"2\";}','0','0');
INSERT INTO `io_model_field` VALUES('45','12','realname','姓名','1','','1','','input','','','0','0');
INSERT INTO `io_model_field` VALUES('46','12','xingbie','性别','1','','1','','radio','','a:2:{s:7:\"content\";s:12:\"男|0\r\n女|1\";s:12:\"defaultvalue\";s:1:\"0\";}','0','0');
INSERT INTO `io_model_field` VALUES('48','12','birthday','出生日期','1','','1','','date','','a:1:{s:4:\"type\";s:10:\"yyyy-MM-dd\";}','0','0');
INSERT INTO `io_model_field` VALUES('49','12','minzu','民族','1','','1','','input','','a:2:{s:4:\"size\";s:3:\"180\";s:12:\"defaultvalue\";s:0:\"\";}','0','0');
INSERT INTO `io_model_field` VALUES('50','12','phone','手机号','1','','/^(1)[0-9]{10}$/','','input','','a:2:{s:4:\"size\";s:3:\"180\";s:12:\"defaultvalue\";s:0:\"\";}','0','0');
INSERT INTO `io_model_field` VALUES('51','12','cardid','身份证号','1','','1','','input','','a:2:{s:4:\"size\";s:3:\"180\";s:12:\"defaultvalue\";s:0:\"\";}','0','0');
INSERT INTO `io_model_field` VALUES('52','12','address','家庭地址','1','','1','','input','','a:2:{s:4:\"size\";s:3:\"180\";s:12:\"defaultvalue\";s:0:\"\";}','0','0');
INSERT INTO `io_model_field` VALUES('53','12','relationship','与户主关系','1','','1','','input','','a:2:{s:4:\"size\";s:3:\"180\";s:12:\"defaultvalue\";s:0:\"\";}','0','0');
INSERT INTO `io_model_field` VALUES('54','12','health','健康状况','1','','1','','input','','a:2:{s:4:\"size\";s:3:\"180\";s:12:\"defaultvalue\";s:0:\"\";}','0','0');
INSERT INTO `io_model_field` VALUES('55','12','attribute','家庭属性','1','','1','','radio','','a:2:{s:7:\"content\";s:14:\"贫困\r\n普通\";s:12:\"defaultvalue\";s:6:\"贫困\";}','0','0');
INSERT INTO `io_model_field` VALUES('56','12','doctor','家庭医生','1','','1','','input','','','0','0');
INSERT INTO `io_model_field` VALUES('66','1','images','图片集','1','','','','files','','a:3:{s:4:\"type\";s:11:\"gif,png,jpg\";s:7:\"preview\";s:1:\"1\";s:4:\"size\";s:1:\"2\";}','0','0');
INSERT INTO `io_model_field` VALUES('64','18','content','内容 ','1','','','','editor','','','0','0');
INSERT INTO `io_model_field` VALUES('65','17','type','心情','1','','1','','radio','','a:2:{s:7:\"content\";s:12:\"赞|1\r\n踩|0\";s:12:\"defaultvalue\";s:1:\"1\";}','0','0');
INSERT INTO `io_model_field` VALUES('69','7','cardid','身份证号','1','','1','','input','','a:2:{s:4:\"size\";s:3:\"180\";s:12:\"defaultvalue\";s:0:\"\";}','0','0');
INSERT INTO `io_model_field` VALUES('70','7','brithday','出生日期','1','','/^[\\d]{4}[-\\ ][\\d]{1,2}[-\\ ][\\d]{1,2}$/','','date','','a:1:{s:4:\"type\";s:10:\"yyyy-MM-dd\";}','0','0');
INSERT INTO `io_model_field` VALUES('71','7','good','专长疾病','1','','1','','input','','a:2:{s:4:\"size\";s:3:\"180\";s:12:\"defaultvalue\";s:0:\"\";}','0','0');
INSERT INTO `io_model_field` VALUES('72','7','info','医生简介','1','','1','','textarea','','a:3:{s:5:\"width\";s:3:\"600\";s:6:\"height\";s:2:\"46\";s:12:\"defaultvalue\";s:0:\"\";}','0','0');
INSERT INTO `io_model_field` VALUES('73','7','images','证书','1','','1','','files','','a:3:{s:4:\"type\";s:11:\"gif,png,jpg\";s:7:\"preview\";s:1:\"1\";s:4:\"size\";s:1:\"2\";}','0','0');
INSERT INTO `io_model_field` VALUES('74','19','content','备注','1','','','','textarea','','a:3:{s:5:\"width\";s:3:\"500\";s:6:\"height\";s:2:\"46\";s:12:\"defaultvalue\";s:0:\"\";}','5','0');
INSERT INTO `io_model_field` VALUES('75','19','cardid','身份证号','1','','1','','input','','a:2:{s:4:\"size\";s:3:\"240\";s:12:\"defaultvalue\";s:0:\"\";}','10','0');
INSERT INTO `io_model_field` VALUES('76','19','sex','性别','1','','','','radio','','a:2:{s:7:\"content\";s:12:\"男|1\r\n女|2\";s:12:\"defaultvalue\";s:1:\"1\";}','9','0');
INSERT INTO `io_model_field` VALUES('77','19','age','年龄','1','','/^[0-9.-]+$/','','input','tel','a:2:{s:4:\"size\";s:2:\"80\";s:12:\"defaultvalue\";s:0:\"\";}','8','1');
INSERT INTO `io_model_field` VALUES('78','19','poor','是否贫穷','1','','','','radio','','a:2:{s:7:\"content\";s:12:\"是|1\r\n否|0\";s:12:\"defaultvalue\";s:1:\"1\";}','7','0');
INSERT INTO `io_model_field` VALUES('79','19','phone','手机号','1','','/^(1)[0-9]{10}$/','','input','tel','a:2:{s:4:\"size\";s:3:\"240\";s:12:\"defaultvalue\";s:0:\"\";}','6','0');
INSERT INTO `io_model_field` VALUES('80','20','content','体检报告','1','','1','','textarea','','a:3:{s:5:\"width\";s:3:\"600\";s:6:\"height\";s:2:\"46\";s:12:\"defaultvalue\";s:0:\"\";}','0','0');
INSERT INTO `io_model_field` VALUES('81','21','lianjiedizhi','链接地址','1','空连接 可填写 javascript:;','1','','input','','a:2:{s:4:\"size\";s:3:\"180\";s:12:\"defaultvalue\";s:0:\"\";}','0','0');
INSERT INTO `io_model_field` VALUES('82','21','pic','图片','1','','1','','file','','a:3:{s:4:\"type\";s:11:\"gif,png,jpg\";s:7:\"preview\";s:1:\"0\";s:4:\"size\";s:1:\"2\";}','0','0');
INSERT INTO `io_model_field` VALUES('83','21','info','说明','1','','','','input','','a:2:{s:4:\"size\";s:3:\"360\";s:12:\"defaultvalue\";s:0:\"\";}','0','0');
INSERT INTO `io_model_field` VALUES('84','22','userid','用户id','1','','','','input','','a:2:{s:4:\"size\";s:3:\"180\";s:12:\"defaultvalue\";s:0:\"\";}','0','0');
INSERT INTO `io_model_field` VALUES('85','22','type','消息类型','1','','','','input','','a:2:{s:4:\"size\";s:3:\"180\";s:12:\"defaultvalue\";s:0:\"\";}','0','0');
INSERT INTO `io_model_field` VALUES('86','22','msg','消息内容','1','','','','textarea','','a:3:{s:5:\"width\";s:3:\"100\";s:6:\"height\";s:2:\"46\";s:12:\"defaultvalue\";s:0:\"\";}','0','0');
INSERT INTO `io_model_field` VALUES('87','22','status','状态','1','','','','radio','','a:2:{s:7:\"content\";s:18:\"未读|0\r\n已读|1\";s:12:\"defaultvalue\";s:0:\"\";}','0','0');
INSERT INTO `io_model_field` VALUES('88','22','url','跳转地址','1','','','','input','','a:2:{s:4:\"size\";s:3:\"180\";s:12:\"defaultvalue\";s:0:\"\";}','0','0');
INSERT INTO `io_model_field` VALUES('89','22','time','创建时间','1','','','','input','','a:2:{s:4:\"size\";s:3:\"180\";s:12:\"defaultvalue\";s:0:\"\";}','0','0');
INSERT INTO `io_model_field` VALUES('90','23','ssy','收缩压','1','','','','input','','a:2:{s:4:\"size\";s:3:\"180\";s:12:\"defaultvalue\";s:0:\"\";}','0','0');
INSERT INTO `io_model_field` VALUES('91','23','szy','舒张压','1','','','','input','','a:2:{s:4:\"size\";s:3:\"180\";s:12:\"defaultvalue\";s:0:\"\";}','0','0');
INSERT INTO `io_model_field` VALUES('92','23','xuetang','空腹血糖','1','','','','input','','a:2:{s:4:\"size\";s:3:\"180\";s:12:\"defaultvalue\";s:0:\"\";}','0','0');
INSERT INTO `io_model_field` VALUES('93','23','xdtinfo','心电图','1','','','','textarea','','a:3:{s:5:\"width\";s:3:\"100\";s:6:\"height\";s:2:\"46\";s:12:\"defaultvalue\";s:0:\"\";}','0','0');
INSERT INTO `io_model_field` VALUES('94','23','xdtpic','心电图','1','','','','files','','a:3:{s:4:\"type\";s:11:\"gif,png,jpg\";s:7:\"preview\";s:1:\"0\";s:4:\"size\";s:1:\"2\";}','0','0');
INSERT INTO `io_model_field` VALUES('95','23','maibo','脉搏','1','','','','input','','a:2:{s:4:\"size\";s:3:\"180\";s:12:\"defaultvalue\";s:0:\"\";}','0','0');
INSERT INTO `io_model_field` VALUES('96','23','tiwen','体温','1','','','','input','','a:2:{s:4:\"size\";s:3:\"180\";s:12:\"defaultvalue\";s:0:\"\";}','0','0');
INSERT INTO `io_model_field` VALUES('97','23','shengao','身高','1','','','','input','','a:2:{s:4:\"size\";s:3:\"180\";s:12:\"defaultvalue\";s:0:\"\";}','0','0');
INSERT INTO `io_model_field` VALUES('98','23','tizhong','体重','1','','','','input','','a:2:{s:4:\"size\";s:3:\"180\";s:12:\"defaultvalue\";s:0:\"\";}','0','0');
INSERT INTO `io_model_field` VALUES('99','23','BMI','BMI','1','','','','input','','a:2:{s:4:\"size\";s:3:\"180\";s:12:\"defaultvalue\";s:0:\"\";}','0','0');
INSERT INTO `io_model_field` VALUES('100','23','yyqk','用药情况','1','','','','radio','','a:2:{s:7:\"content\";s:46:\"未服用药物\r\n间断性用药\r\n长期用药\";s:12:\"defaultvalue\";s:0:\"\";}','0','0');
INSERT INTO `io_model_field` VALUES('102','23','yybz','用药备注','1','','','','textarea','','a:3:{s:5:\"width\";s:3:\"100\";s:6:\"height\";s:2:\"46\";s:12:\"defaultvalue\";s:0:\"\";}','0','0');
INSERT INTO `io_model_field` VALUES('103','23','hwinfo','红外诊断图','1','','','','textarea','','a:3:{s:5:\"width\";s:3:\"100\";s:6:\"height\";s:2:\"46\";s:12:\"defaultvalue\";s:0:\"\";}','0','0');
INSERT INTO `io_model_field` VALUES('104','23','hwpic','红外诊断图','1','','','','files','','a:3:{s:4:\"type\";s:11:\"gif,png,jpg\";s:7:\"preview\";s:1:\"0\";s:4:\"size\";s:1:\"2\";}','0','0');
INSERT INTO `io_model_field` VALUES('105','24','uid','居民id','1','','','','input','','a:2:{s:4:\"size\";s:3:\"180\";s:12:\"defaultvalue\";s:0:\"\";}','0','0');
INSERT INTO `io_model_field` VALUES('106','24','userid','医生id','1','','','','input','','a:2:{s:4:\"size\";s:3:\"180\";s:12:\"defaultvalue\";s:0:\"\";}','0','0');
INSERT INTO `io_model_field` VALUES('107','24','content','投诉内容','1','','','','textarea','','a:3:{s:5:\"width\";s:3:\"100\";s:6:\"height\";s:2:\"46\";s:12:\"defaultvalue\";s:0:\"\";}','0','0');
INSERT INTO `io_model_field` VALUES('108','24','cid','相关信息id','1','','','','input','','a:2:{s:4:\"size\";s:3:\"180\";s:12:\"defaultvalue\";s:0:\"\";}','0','0');
INSERT INTO `io_model_field` VALUES('109','24','time','时间','1','','','','input','','a:2:{s:4:\"size\";s:3:\"180\";s:12:\"defaultvalue\";s:0:\"\";}','0','0');
INSERT INTO `io_model_field` VALUES('111','23','huxi','呼吸','1','','','','input','','a:2:{s:4:\"size\";s:3:\"180\";s:12:\"defaultvalue\";s:0:\"\";}','0','0');
INSERT INTO `io_model_field` VALUES('112','21','type','广告类型','1','','','','select','','a:2:{s:7:\"content\";s:26:\"居民首页\r\n医生首页\";s:12:\"defaultvalue\";s:1:\"0\";}','0','0');
INSERT INTO `io_model_field` VALUES('113','19','birthday','出生日期','1','','1','','input','','a:2:{s:4:\"size\";s:3:\"180\";s:12:\"defaultvalue\";s:0:\"\";}','8','0');
INSERT INTO `io_model_field` VALUES('114','1','origin','文章来源','1','','','','input','','a:2:{s:4:\"size\";s:3:\"180\";s:12:\"defaultvalue\";s:0:\"\";}','0','0');
INSERT INTO `io_model_field` VALUES('115','20','files','附件','1','','','','files','','a:3:{s:4:\"type\";s:11:\"gif,png,jpg\";s:7:\"preview\";s:1:\"0\";s:4:\"size\";s:1:\"2\";}','0','0');
INSERT INTO `io_model_field` VALUES('116','23','xtpic','血糖图','1','','','','files','','a:3:{s:4:\"type\";s:11:\"gif,png,jpg\";s:7:\"preview\";s:1:\"0\";s:4:\"size\";s:1:\"2\";}','0','0');
INSERT INTO `io_model_field` VALUES('117','19','pksx','贫困属性','1','','','','select','','a:2:{s:7:\"content\";s:54:\"一般贫困户\r\n低保户\r\n低保贫困户\r\n五保户\";s:12:\"defaultvalue\";s:0:\"\";}','6','0');
INSERT INTO `io_model_field` VALUES('118','19','pkxz','贫困性质','1','','','','select','','a:2:{s:7:\"content\";s:33:\"国家级\r\n省级\r\n市级\r\n县级\";s:12:\"defaultvalue\";s:0:\"\";}','6','0');
INSERT INTO `io_model_field` VALUES('119','19','pkyy','贫困原因','1','','','','select','','a:2:{s:7:\"content\";s:71:\"因病致贫\r\n因病返贫\r\n身体较差\r\n文化比较低\r\n劳动力少\";s:12:\"defaultvalue\";s:0:\"\";}','6','0');
INSERT INTO `io_model_field` VALUES('120','19','hzgx','与户主关系','1','','','','select','','a:2:{s:7:\"content\";s:70:\"丈夫\r\n妻子\r\n父亲\r\n母亲\r\n儿子\r\n女儿\r\n孙子\r\n孙女\r\n其他\";s:12:\"defaultvalue\";s:0:\"\";}','8','0');
INSERT INTO `io_model_field` VALUES('121','13','qid','问题ID','1','','','','input','','a:2:{s:4:\"size\";s:3:\"180\";s:12:\"defaultvalue\";s:1:\"0\";}','0','0');
INSERT INTO `io_model_field` VALUES('122','13','departid','科室ID','1','','','','input','','a:2:{s:4:\"size\";s:3:\"180\";s:12:\"defaultvalue\";s:1:\"0\";}','0','0');
INSERT INTO `io_model_field` VALUES('123','14','xywyhd','寻医问药回答','0','','','','textarea','','a:3:{s:5:\"width\";s:3:\"100\";s:6:\"height\";s:2:\"46\";s:12:\"defaultvalue\";s:0:\"\";}','0','0');
INSERT INTO `io_model_field` VALUES('124','7','yssx','医生属性','1','','','','select','','a:2:{s:7:\"content\";s:69:\"基层医生\r\n县医院医生\r\n北京社区医生\r\n北京专科医生\";s:12:\"defaultvalue\";s:0:\"\";}','0','0');
INSERT INTO `io_model_field` VALUES('125','19','jkzk','健康状况','1','','','','select','','a:2:{s:7:\"content\";s:25:\"健康\r\n亚健康\r\n疾病\";s:12:\"defaultvalue\";s:0:\"\";}','6','0');
INSERT INTO `io_model_field` VALUES('127','8','number','一年次数','1','','','','input','','a:2:{s:4:\"size\";s:3:\"180\";s:12:\"defaultvalue\";s:0:\"\";}','0','0');
INSERT INTO `io_model_field` VALUES('128','19','jbids','疾病id','0','','','','input','','a:2:{s:4:\"size\";s:3:\"180\";s:12:\"defaultvalue\";s:0:\"\";}','0','0');
INSERT INTO `io_model_field` VALUES('129','23','chxt','餐后血糖','1','','','','input','','a:2:{s:4:\"size\";s:3:\"180\";s:12:\"defaultvalue\";s:0:\"\";}','0','0');
INSERT INTO `io_model_field` VALUES('130','25','docid','医生ID','1','','','','input','','a:2:{s:4:\"size\";s:3:\"180\";s:12:\"defaultvalue\";s:0:\"\";}','0','0');
INSERT INTO `io_model_field` VALUES('131','25','openid','微信Openid','1','','','','input','','a:2:{s:4:\"size\";s:3:\"180\";s:12:\"defaultvalue\";s:0:\"\";}','0','0');

DROP TABLE IF EXISTS `io_spider_catched`;
CREATE TABLE `io_spider_catched` (
  `id` int(11) unsigned NOT NULL AUTO_INCREMENT,
  `urlkey` char(16) NOT NULL,
  `url` varchar(255) NOT NULL DEFAULT '',
  `dateline` int(11) unsigned NOT NULL DEFAULT '0',
  `rule` smallint(5) NOT NULL DEFAULT '0',
  `itemid` int(11) NOT NULL DEFAULT '0',
  PRIMARY KEY (`id`),
  UNIQUE KEY `urlkey` (`urlkey`)
) ENGINE=MyISAM DEFAULT CHARSET=utf8;


DROP TABLE IF EXISTS `io_spider_contentpagerules`;
CREATE TABLE `io_spider_contentpagerules` (
  `id` int(11) unsigned NOT NULL AUTO_INCREMENT,
  `value` text NOT NULL,
  PRIMARY KEY (`id`)
) ENGINE=MyISAM DEFAULT CHARSET=utf8;


DROP TABLE IF EXISTS `io_spider_contentrules`;
CREATE TABLE `io_spider_contentrules` (
  `id` int(11) unsigned NOT NULL AUTO_INCREMENT,
  `value` text NOT NULL,
  PRIMARY KEY (`id`)
) ENGINE=MyISAM DEFAULT CHARSET=utf8;


DROP TABLE IF EXISTS `io_spider_listrules`;
CREATE TABLE `io_spider_listrules` (
  `id` int(11) unsigned NOT NULL AUTO_INCREMENT,
  `value` text NOT NULL,
  PRIMARY KEY (`id`)
) ENGINE=MyISAM DEFAULT CHARSET=utf8;


